person_id,n_works,n_journals,rho
020045890d23,14,11,0.682120867315026
027fb5efdc82,147,53,0.3410327498334492
03aa01c8233c,10,8,0.20122325299530436
05276ee1c91b,56,38,0.4599046359730447
05a5f48672e6,54,38,0.5659207993387949
0626d6cf1a6c,17,12,0.5209633597350602
0688d08defaf,15,14,0.09838998211091234
06d0b79da0cb,38,28,0.3254082879326994
08401dc33c5a,12,7,0.9497386043957614
08ad72f96961,11,9,0.30434862294147574
08cad534d85c,19,13,0.49846119661443034
09e13afe71e3,22,15,0.7362635775307349
0a0c61be81e2,12,11,0.3087719298245614
0a43c7fde1f4,32,30,0.32987632477949846
0bbd644708d6,50,34,0.378104800549026
0ca2f7cee40d,12,11,0.24825387016325987
0d1716fee803,52,35,-0.019762338083964576
0d759c8a6ce6,12,9,0.4000056387753522
0d9d1b7b4418,15,11,0.38406049189871055
0e3b46e128fd,18,16,0.1965856445162367
0e5898e310e0,66,38,0.40555299908324194
1068ba08e04c,16,11,0.8269312200395913
15c7e59c85c4,65,25,0.5027194806578171
16085a462623,10,8,0.5263183118767222
16d70b26bd38,79,39,0.3059173378114158
17477740110d,33,26,0.5218083337005538
17d3e1340e1d,41,24,0.3760300211832994
18ff8233ad7f,36,20,0.593320868675061
1a1f21d2a13b,151,66,0.25833945523446783
1a3074455fd9,13,10,0.6096603918830104
1a8126d37c6b,12,11,0.42273601320057586
1c6b6752b0a2,12,8,0.03880124858654781
1d43d26bba0f,50,31,0.38596127104278405
1ede1eeeb48c,56,37,0.09992646325510178
208923c64cc1,24,18,0.6245670066077667
20aab84e9325,32,25,0.7538321124261723
210877301fe1,14,9,0.7853152464856986
250bd9957069,51,31,0.7189717096752573
254c5caacabd,45,31,0.6470899734517233
263b19c75585,22,20,0.6447235682400917
26c8cd4faa3a,14,12,0.6339584889537833
2892fb4fe101,14,13,0.8079916186305925
28c42f2e7ce6,132,46,0.5216136614884174
28d00ccfdb82,10,9,0.4878048780487806
2b37d89b2d25,85,61,0.3321297727249578
2b5bf7f93343,60,37,0.17252626988242595
2c091a4e4829,17,17,0.4373170736129145
2c72eca2fdea,11,7,0.38570700946908754
2cd9e1bf222b,10,9,-0.21884599572482327
2dc3fc74db40,69,45,0.28641061048635186
2f93af160426,18,12,0.35349802676728553
31cc356d34a5,10,5,0.7508402979690295
31f74f743e6b,69,38,0.0991545002771645
33040f7b1e85,12,7,0.6067876358824074
333cbff201d9,85,61,0.33832952393260957
334e48247a85,28,16,0.2886972202603763
336ce9aa9e76,41,31,0.5401215025355638
34409dee82e3,31,23,0.0928752962036382
345e48df0daa,40,23,0.48694193701934835
34ff7e8a7b3c,39,24,0.3541896334368706
36da21bf8437,16,12,0.30290208418902603
37b5cfac8fb2,26,21,0.37424487165224424
3931af1e4b5e,13,11,0.27486187845303867
3a94e8c8a45c,29,24,0.03875587337730374
3c1efacd84ed,18,14,0.7008315370093755
3cba3ae09958,20,13,0.6157278061396563
3d158592dea8,14,7,0.9446702259508671
3de30473cd4f,11,11,0.13334214206279385
3e3ae30df205,22,16,0.42510831649332737
40bc4ce8758a,19,15,0.6760693436830432
412913a625f5,10,9,0.2584725505444276
425ea1212508,34,26,-0.08196100399772929
427e04e5a78f,83,40,0.48546335911215
45330b955800,17,15,0.2756491599062961
4585492e9dae,10,9,0.6504589317376691
46fa51af519d,36,21,0.22062182063775632
4929d240b9e6,51,21,0.33108195760706693
49fd7663f351,51,37,0.4746370916051155
4a94ecd2c80d,18,15,0.33419559567760243
4b0386303cbd,13,13,0.19230769230769232
4bee7a518079,14,12,0.8863134657836644
4c5e5146a247,21,17,0.43615644434561446
4d36f558eabf,28,22,0.5816411413919496
4d9398662e56,68,45,0.5445871955408343
51182dc82444,155,57,0.19148841495972083
53d9ce49a1c1,32,28,0.5454795617121704
5411f1b8b04a,47,36,0.19465108188889307
5480cef34e47,78,49,0.22612754095844348
578bff15166a,20,16,0.6909992779011231
57f96ac37521,15,11,0.370604298547735
581a16f7eb7a,11,9,0.7169024510142403
5c1147e75a39,38,21,0.26550474120497763
5dd638edd6ed,22,17,0.535734629573661
5f568c95702d,70,36,0.009946460181774693
5f8a9fe88661,12,12,0.12280777351893818
60080d4037e7,22,20,0.6852376661702196
6026830c00e0,22,19,0.12015833106754617
6026b01e366d,18,15,0.6511401119230006
622e660c3be1,40,34,0.4866857658116895
6433a08abff2,11,10,0.5835255552637317
65c9474eeb7a,34,22,0.42764227057961895
65e7ec41d6db,13,11,0.8430232558139533
66ed55ecb777,91,46,0.6434548751301271
670ad8f5645c,20,17,0.32642294064063
67693e3b4e4c,68,40,0.3604098639898927
67e6674d387c,25,16,-0.10387308293527632
68525ad359c4,21,17,0.26742676684671357
69c9b2a9ff9b,27,16,0.46476235403251515
6a4d5a8e2ac3,78,47,0.6008258356920048
6ae3a444ce13,15,13,0.33004603769217766
6b70e8c13407,20,14,0.4224631497827278
70f5d5ab2ea7,45,36,0.5854840384068635
7254243f56c9,29,22,0.18891221282413725
73b6234f125f,16,14,0.6731290244238806
746c3f68b8f1,35,17,0.3803794149561878
7483a9cf996f,94,53,0.38351248026249735
777e2848307e,13,10,0.8787303170847633
77c4f17198a4,13,10,-0.047092135457782215
784ae3ce56a1,24,19,0.41898990470007214
78d5687e7f42,69,56,0.3589059446313676
78fdc0da2e4c,53,35,0.33317860908811103
79e9dd2abdc7,77,47,0.5730646038814791
7b3b72b0108c,34,26,0.5739711719412012
7bc23043e691,17,17,0.46343181345198725
7d5a556dd22e,27,21,0.3205852302660292
7f045e4ff370,18,15,0.7463768115942029
7fbd28213343,23,16,0.4886044855770683
8073e243b657,14,14,0.44884515609416886
80b9225f55c4,47,25,0.7485748140999742
80d84c620f97,13,10,0.0914227950947
80e49d18500e,34,21,0.18335788185213478
81729961284d,17,14,0.5728361407655864
83cf220526fb,44,27,0.3790546552067272
8490779e6037,19,9,0.7486500656666243
849374c19cde,38,24,0.5100198124084533
87d9b9e42927,27,19,-0.042817711828938405
8a6912693a18,20,8,0.45681779383196136
8bc921f8d949,18,14,-0.0496381620107072
8bce46e7baf5,38,32,0.4374881654627238
8c6be9d2424a,12,11,0.6578947368421054
8cafdb197d7b,72,24,0.2619698445549533
90ac76f60ba1,10,6,0.8413038736343771
91463b54678b,14,12,0.6969043604266516
91d1d7acc274,36,21,0.7736458369687073
92b62773a096,26,22,0.41365147282319065
93810b38b6f3,57,30,0.5303822001476972
9394604c42c6,72,48,0.4111714944255205
93a221cc8111,64,39,0.23368059773081234
94734e2e0f18,60,42,0.6605168579240256
9481a18fa3f2,21,13,0.3457425850991416
94a5cf01992c,24,13,0.15017198277150343
95a59e575ba0,13,8,0.768559766171267
960483823fea,17,12,0.2798826531824933
96cd3ba71e94,16,11,0.33308888370393386
97d22c634ce2,15,11,0.1327359064631584
9a001c24a0a7,43,34,0.43146598526965485
9aa6ab2bd09e,61,47,0.4784013375480192
9b6bb852cbc1,12,11,0.1368421052631579
9bfe0650602e,19,18,0.44474011358708
9ca3dfcaebe7,76,35,0.5260351315652323
9df496574585,12,9,0.5150112064961442
9f339d89e6dc,12,11,-0.21441157892974214
9f4b2646014a,15,11,0.1510830465556005
9f77016b3616,151,77,0.5828186415627575
a0317b8a38c9,95,57,0.5651619287062309
a1a94dcdb5ca,20,17,0.8476052202139349
a264cc41472a,170,80,0.3525320087483463
a2de32682ed5,34,31,0.3407544623368647
a3119396b7fd,14,14,0.30684625769584184
a4958c240ac1,41,28,0.2877458130549548
a628fb4c9cf1,17,13,0.7427907075781734
a721122d3c60,35,25,0.5136163157946559
a8485262f4f1,14,11,0.6607835656513564
a8b2bff5b900,31,24,0.6554895083332359
aad8f6da22dc,147,78,0.28138566425846395
ac709e7a55b7,131,59,0.3017564309606683
acb42c287b77,17,11,0.7642893393943759
ad26024e6c45,62,35,0.17812490526832692
ae880ef7bfb6,160,87,0.3557088402491325
ae8ce5363f70,26,26,0.24291516950322295
ae93d118554a,14,10,0.11843937680984941
af0ce5126f58,69,38,0.14317371225571923
b0ba7c928436,29,20,0.21933783299587548
b2bc86e0cd7a,44,20,0.0569597807655309
b364758d9a2f,13,10,0.722008966826016
b4ca225bac19,114,68,0.32536574780673166
b57e63879003,19,15,0.2545136522767657
b7474e83b30d,27,19,0.49548930790015716
ba20182d1b9a,13,13,0.37964272503770335
bb20517e5fc0,56,33,0.5521277408646189
bc2cb047e4f7,17,15,-0.012899272633156177
bdcb38dc66d9,57,31,0.662966074414996
c0a99002e99f,12,7,0.5790032347524121
c0dbf61d34e6,36,24,0.4078135227659878
c28099cfd1f2,37,21,0.5744229451439692
c3f9c7911d3e,14,11,0.2050727866077315
c4edc46394ea,117,37,0.576570164777444
c810ed75749f,20,15,0.2267073062888162
cafcf1d59689,30,24,0.7711354195865776
cb40f2c43772,33,27,0.7772100205652223
cba919f60a63,15,13,0.49731743260843136
cbdbac544d66,18,14,0.7065617917933831
cc062e7b6205,21,14,0.7867206087967326
cc896b961ddb,30,23,0.5755744810368144
cca6a6472327,12,11,0.8596491228070177
d23c5694affb,73,34,0.2945983629727701
d2cdef276bbc,16,15,0.1282240583975108
d2eb9b69c4b1,95,73,0.6443009832575701
d34bf56350d5,19,13,0.39080451924963444
d371698de408,23,17,0.42835964938351395
d4b50eafe2fb,68,30,0.3516567800409095
d6528f94b003,29,16,0.479113773823442
d7a469e48170,63,37,0.39654262455038675
d7eb4f3583cb,61,26,0.2953572065030332
da1ef33e9338,39,28,0.801195962540618
da637a57c033,22,19,0.6688369238327574
dd30735a4d2d,11,9,0.4520595073274509
de1308dd4b56,85,34,0.6589256893534773
e0448b2d3858,16,12,0.0073910334693174755
e11f5478b3d1,15,14,0.737030411449016
e16e64456711,11,10,0.5981735159817352
e26eb9372d06,13,12,0.5615539352199429
e36fd6a3a4d0,68,40,0.6566573173260346
e4e7ca8b1854,19,13,0.795352719978927
e580c3d0f9c1,10,10,0.8079268292682927
e590f5683df8,33,23,0.41446288061607367
e5df8e86c03a,52,36,0.26348551936027464
e63cce05e676,34,24,0.7288536422525876
e67a2108dc7d,79,59,0.5419507862411771
e708ffe600f7,56,34,0.5746285489750768
e8790338c49e,10,8,0.6523354847073649
e8e94e1d7fe7,14,14,0.3439913887888354
e9b4a458b442,41,27,0.3319326832318322
edcaabc3ea6a,127,96,0.5847997831385873
ee9f0b880883,10,9,0.6200636545536659
eeb5543e8769,11,11,0.4373587656750771
efa33ec397fd,12,10,0.26889320964139796
f12902645acd,54,29,0.4725357257709881
f12c5074be9a,11,6,0.7423354545744567
f3b77452cf09,11,9,0.758139534883721
f46b22a8e576,33,25,0.5045210984594776
f4e12b047c2e,59,21,0.41654435683931174
f5df1a2e499a,16,13,0.534074074074074
f6669138c54f,26,18,0.19338832819897092
f943a977e696,33,21,0.5242303465790682
f99ae0bf7126,24,22,0.020122677222508205
fb5855dc799b,31,16,-0.02234228727171529
fba0c6a11f4e,14,13,0.46864714827479403
fc8c5796816c,14,10,0.2205036501856778
fd486698fe09,17,17,0.8362969076490082
fd5cc416963c,16,12,0.7509395382282016
fd7a45660f8c,40,21,0.16644079044416893
fea57df88f45,33,28,0.6680160271730248
ff0729c58d7b,12,10,0.5486803009750407
ffd966a28de7,62,32,0.3385113697437773
