person_id,project_name,project_url
dc74869858df,Academic Wheel of Privilege,https://forrt.org/awop/
994e32715336,Academic Wheel of Privilege,https://forrt.org/awop/
06d0b79da0cb,Academic Wheel of Privilege,https://forrt.org/awop/
0688d08defaf,Academic Wheel of Privilege,https://forrt.org/awop/
0a43c7fde1f4,Academic Wheel of Privilege,https://forrt.org/awop/
cc896b961ddb,Academic Wheel of Privilege,https://forrt.org/awop/
da1ef33e9338,Academic Wheel of Privilege,https://forrt.org/awop/
fd5cc416963c,Academic Wheel of Privilege,https://forrt.org/awop/
e378f68660b0,Academic Wheel of Privilege,https://forrt.org/awop/
83cf220526fb,Academic Wheel of Privilege,https://forrt.org/awop/
784ae3ce56a1,Academic Wheel of Privilege,https://forrt.org/awop/
8490779e6037,Academic Wheel of Privilege,https://forrt.org/awop/
28d00ccfdb82,Academic Wheel of Privilege,https://forrt.org/awop/
bcdd4f59ad3e,Academic Wheel of Privilege,https://forrt.org/awop/
ba20182d1b9a,Academic Wheel of Privilege,https://forrt.org/awop/
08ad72f96961,Academic Wheel of Privilege,https://forrt.org/awop/
4272de60b28c,Academic Wheel of Privilege,https://forrt.org/awop/
45330b955800,Academic Wheel of Privilege,https://forrt.org/awop/
bac5d58833ad,Academic Wheel of Privilege,https://forrt.org/awop/
7fbd28213343,Academic Wheel of Privilege,https://forrt.org/awop/
254c5caacabd,Academic Wheel of Privilege,https://forrt.org/awop/
ac709e7a55b7,Academic Wheel of Privilege,https://forrt.org/awop/
e590f5683df8,Academic Wheel of Privilege,https://forrt.org/awop/
69c9b2a9ff9b,Academic Wheel of Privilege,https://forrt.org/awop/
1fae0e29d5c0,Academic Wheel of Privilege,https://forrt.org/awop/
cf5186025891,Accessible Feedback in Academia,
ee9f0b880883,Accessible Feedback in Academia,
dcb52eae5527,Accessible Feedback in Academia,
ec80e2ec7293,Accessible Feedback in Academia,
815f0236a107,Accessible Feedback in Academia,
693b5c89ffff,Accessible Feedback in Academia,
f46b22a8e576,Accessible Feedback in Academia,
de1308dd4b56,Accessible Feedback in Academia,
53172b64b64b,Accessible Feedback in Academia,
1d43d26bba0f,Accessible Feedback in Academia,
e13f34a645c0,Accessible Feedback in Academia,
a1a94dcdb5ca,Accessible Feedback in Academia,
459b2d748998,Accessible Feedback in Academia,
0b155fc5a493,Accessible Feedback in Academia,
e9b4a458b442,Accessible Feedback in Academia,
80d84c620f97,Accessible Feedback in Academia,
250bd9957069,Accessible Feedback in Academia,
06d0b79da0cb,Accessible Feedback in Academia,
99937b966080,Accessible Feedback in Academia,
8d05d3c5338c,Accessible Feedback in Academia,
cb704fcee0bf,Accessible Feedback in Academia,
989afc40fac3,Accessible Feedback in Academia,
d453d027f23b,Accessible Feedback in Academia,
08cad534d85c,Accessible Feedback in Academia,
98c1af03e2e4,Accessible Feedback in Academia,
7254243f56c9,Accessible Feedback in Academia,
a90d9d7ee530,Accessible Feedback in Academia,
49fd7663f351,Accessible Feedback in Academia,
e11f5478b3d1,Accessible Feedback in Academia,
eeb5543e8769,Accessible Feedback in Academia,
6026b01e366d,Accessible Feedback in Academia,
2f93af160426,Accessible Feedback in Academia,
87442488ce69,Accessible Feedback in Academia,
9a001c24a0a7,Accessible Feedback in Academia,
16085a462623,Accessible Feedback in Academia,
b081cdafd83e,Accessible Feedback in Academia,
7aa7c6782848,Accessible Feedback in Academia,
08bfc2750e5c,Accessible Feedback in Academia,
b281e3d01ad4,Accessible Feedback in Academia,
08ad72f96961,Accessible Feedback in Academia,
bcce08a82466,Accessible Feedback in Academia,
48041c07ad6c,Accessible Feedback in Academia,
d9bf26e194fc,Accessible Feedback in Academia,
91d1d7acc274,Accessible Feedback in Academia,
5411f1b8b04a,Accessible Feedback in Academia,
65c9474eeb7a,Accessible Feedback in Academia,
20aab84e9325,Accessible Feedback in Academia,
d8da5cfb1b7e,Accessible Feedback in Academia,
61f4650ce66f,Accessible Feedback in Academia,
b4ca225bac19,Accessible Feedback in Academia,
949e2b88b786,Accessible Feedback in Academia,
c0a99002e99f,Accessible Feedback in Academia,
bee49fd4f83a,Accessible Feedback in Academia,
8c2f4746419e,Accessible Feedback in Academia,
06d0b79da0cb,Adopting Principled Education,https://forrt.org/adopting/
a2de32682ed5,Adopting Principled Education,https://forrt.org/adopting/
20aab84e9325,Adopting Principled Education,https://forrt.org/adopting/
7aa7c6782848,Adopting Principled Education,https://forrt.org/adopting/
98c1af03e2e4,Adopting Principled Education,https://forrt.org/adopting/
0a43c7fde1f4,Adopting Principled Education,https://forrt.org/adopting/
b14416ef200d,Adopting Principled Education,https://forrt.org/adopting/
92b62773a096,Adopting Principled Education,https://forrt.org/adopting/
fd5cc416963c,Adopting Principled Education,https://forrt.org/adopting/
59da1275ab56,Adopting Principled Education,https://forrt.org/adopting/
8f8e0a58c822,Adopting Principled Education,https://forrt.org/adopting/
14e308d7e02a,Adopting Principled Education,https://forrt.org/adopting/
4c39fe4e2194,Adopting Principled Education,https://forrt.org/adopting/
5101fbba8637,Adopting Principled Education,https://forrt.org/adopting/
b52141f71f6b,Adopting Principled Education,https://forrt.org/adopting/
06d0b79da0cb,APS Observer,https://www.psychologicalscience.org/observer/gs-navigating-academia-as-neurodivergent-researchers
dc74869858df,APS Observer,https://www.psychologicalscience.org/observer/gs-navigating-academia-as-neurodivergent-researchers
cc896b961ddb,APS Observer,https://www.psychologicalscience.org/observer/gs-navigating-academia-as-neurodivergent-researchers
b2bc86e0cd7a,APS Observer,https://www.psychologicalscience.org/observer/gs-navigating-academia-as-neurodivergent-researchers
ee9f0b880883,APS Observer,https://www.psychologicalscience.org/observer/gs-navigating-academia-as-neurodivergent-researchers
994e32715336,APS Observer,https://www.psychologicalscience.org/observer/gs-navigating-academia-as-neurodivergent-researchers
0a43c7fde1f4,APS Observer,https://www.psychologicalscience.org/observer/gs-navigating-academia-as-neurodivergent-researchers
8f8e0a58c822,APS Observer,https://www.psychologicalscience.org/observer/gs-navigating-academia-as-neurodivergent-researchers
b364758d9a2f,Autism & Open Science,
0a43c7fde1f4,Autism & Open Science,
b2bc86e0cd7a,Autism & Open Science,
cc896b961ddb,Autism & Open Science,
9481a18fa3f2,Autism & Open Science,
06d0b79da0cb,Autism & Open Science,
dca1b78168a4,Autism & Open Science,
8f8e0a58c822,Autism & Open Science,
2b5bf7f93343,Autism & Open Science,
1c5f4bcd7f29,Autism & Open Science,
eeb5543e8769,Autism & Open Science,
f46b22a8e576,Autism & Open Science,
06d0b79da0cb,BMC Pedagogical Communities,https://doi.org/10.1186/s13104-022-05944-1
fea57df88f45,BMC Pedagogical Communities,https://doi.org/10.1186/s13104-022-05944-1
e36fd6a3a4d0,BMC Pedagogical Communities,https://doi.org/10.1186/s13104-022-05944-1
bdcb38dc66d9,BMC Pedagogical Communities,https://doi.org/10.1186/s13104-022-05944-1
20aab84e9325,BMC Pedagogical Communities,https://doi.org/10.1186/s13104-022-05944-1
a2de32682ed5,BMC Pedagogical Communities,https://doi.org/10.1186/s13104-022-05944-1
0a43c7fde1f4,BMC Pedagogical Communities,https://doi.org/10.1186/s13104-022-05944-1
b14416ef200d,BMC Pedagogical Communities,https://doi.org/10.1186/s13104-022-05944-1
cba919f60a63,BMC Pedagogical Communities,https://doi.org/10.1186/s13104-022-05944-1
45abc47bb01c,BMC Pedagogical Communities,https://doi.org/10.1186/s13104-022-05944-1
33040f7b1e85,CERES Manuscript,https://osf.io/preprints/edarxiv/s73xb
5f8a9fe88661,CERES Manuscript,https://osf.io/preprints/edarxiv/s73xb
5c1dcc59d9b8,CERES Manuscript,https://osf.io/preprints/edarxiv/s73xb
cc90aaa69718,CERES Manuscript,https://osf.io/preprints/edarxiv/s73xb
5d852cb1b6e5,CERES Manuscript,https://osf.io/preprints/edarxiv/s73xb
8cafdb197d7b,CERES Manuscript,https://osf.io/preprints/edarxiv/s73xb
72a15ca1e644,CERES Manuscript,https://osf.io/preprints/edarxiv/s73xb
ecd7bfea6848,CERES Manuscript,https://osf.io/preprints/edarxiv/s73xb
53d9ce49a1c1,CERES Manuscript,https://osf.io/preprints/edarxiv/s73xb
bdcb38dc66d9,CERES Manuscript,https://osf.io/preprints/edarxiv/s73xb
98f5ea02ca3e,CERES Manuscript,https://osf.io/preprints/edarxiv/s73xb
e580c3d0f9c1,CERES Manuscript,https://osf.io/preprints/edarxiv/s73xb
06d0b79da0cb,CERES Manuscript,https://osf.io/preprints/edarxiv/s73xb
e36fd6a3a4d0,Educators' Corner,https://forrt.org/educators-corner/
bac5d58833ad,Educators' Corner,https://forrt.org/educators-corner/
20aab84e9325,Educators' Corner,https://forrt.org/educators-corner/
7aa7c6782848,Educators' Corner,https://forrt.org/educators-corner/
98c1af03e2e4,Educators' Corner,https://forrt.org/educators-corner/
262602ebca73,Educators' Corner,https://forrt.org/educators-corner/
05276ee1c91b,Educators' Corner,https://forrt.org/educators-corner/
4b0386303cbd,Educators' Corner,https://forrt.org/educators-corner/
da637a57c033,Educators' Corner,https://forrt.org/educators-corner/
c9999d3707ef,Educators' Corner,https://forrt.org/educators-corner/
6f8aafdda577,Educators' Corner,https://forrt.org/educators-corner/
5c1147e75a39,Educators' Corner,https://forrt.org/educators-corner/
c0b7677588ae,Educators' Corner,https://forrt.org/educators-corner/
17d3e1340e1d,Educators' Corner,https://forrt.org/educators-corner/
4272de60b28c,Educators' Corner,https://forrt.org/educators-corner/
6b70e8c13407,Educators' Corner,https://forrt.org/educators-corner/
b14416ef200d,Educators' Corner,https://forrt.org/educators-corner/
b0ba7c928436,Educators' Corner,https://forrt.org/educators-corner/
0d1716fee803,Educators' Corner,https://forrt.org/educators-corner/
06d0b79da0cb,Educators' Corner,https://forrt.org/educators-corner/
8ea0f79dfb62,Educators' Corner,https://forrt.org/educators-corner/
dc74869858df,Educators' Corner,https://forrt.org/educators-corner/
b364758d9a2f,Educators' Corner,https://forrt.org/educators-corner/
c4cabe800937,Educators' Corner,https://forrt.org/educators-corner/
ee9f0b880883,Educators' Corner,https://forrt.org/educators-corner/
994e32715336,Educators' Corner,https://forrt.org/educators-corner/
0a43c7fde1f4,Educators' Corner,https://forrt.org/educators-corner/
8f8e0a58c822,Educators' Corner,https://forrt.org/educators-corner/
1ede1eeeb48c,Educators' Corner,https://forrt.org/educators-corner/
138c7b8e640b,Educators' Corner,https://forrt.org/educators-corner/
06d0b79da0cb,Educators' Corner,https://forrt.org/educators-corner/
9bfe0650602e,Educators' Corner,https://forrt.org/educators-corner/
3931af1e4b5e,Educators' Corner,https://forrt.org/educators-corner/
9b6bb852cbc1,Educators' Corner,https://forrt.org/educators-corner/
94a5cf01992c,Educators' Corner,https://forrt.org/educators-corner/
72145b7171a5,Educators' Corner,https://forrt.org/educators-corner/
9ca3dfcaebe7,Educators' Corner,https://forrt.org/educators-corner/
ffd966a28de7,Educators' Corner,https://forrt.org/educators-corner/
a2de32682ed5,Educators' Corner,https://forrt.org/educators-corner/
af0ce5126f58,Equity in Open Scholarship,
ff0729c58d7b,Equity in Open Scholarship,
05a5f48672e6,Equity in Open Scholarship,
06d0b79da0cb,Equity in Open Scholarship,
14e308d7e02a,FLoRA - Notify preprint alerts,
9a55d9d1a8db,FLoRA - Notify preprint alerts,
0dd2190ae78c,FLoRA - Notify preprint alerts,
9f363719d8bf,FLoRA - Notify preprint alerts,
cc062e7b6205,FLoRA - Notify preprint alerts,
b081cdafd83e,FLoRA - Notify preprint alerts,
842f4b32ea31,FLoRA - Notify preprint alerts,
f9af2e0ff68c,FLoRA - Notify preprint alerts,
e2732464c91a,FLoRA - Notify preprint alerts,
1c6b6752b0a2,FLoRA - Notify preprint alerts,
6de604913739,FLoRA - Notify preprint alerts,
06d0b79da0cb,FLoRA - Notify preprint alerts,
14e308d7e02a,FLoRA Zotero plugin,https://forrt.org/flora-zotero/
9a55d9d1a8db,FLoRA Zotero plugin,https://forrt.org/flora-zotero/
4df01bbda97e,FLoRA Zotero plugin,https://forrt.org/flora-zotero/
6de604913739,FLoRA Zotero plugin,https://forrt.org/flora-zotero/
6d69c1a7297e,FLoRA Zotero plugin,https://forrt.org/flora-zotero/
26c8cd4faa3a,FLoRA Zotero plugin,https://forrt.org/flora-zotero/
d6528f94b003,FLoRA Zotero plugin,https://forrt.org/flora-zotero/
e9b4a458b442,FLoRA Zotero plugin,https://forrt.org/flora-zotero/
b27e6f0410ca,FLoRA Zotero plugin,https://forrt.org/flora-zotero/
a1a94dcdb5ca,FLoRA Zotero plugin,https://forrt.org/flora-zotero/
d1a5124b1521,FLoRA Zotero plugin,https://forrt.org/flora-zotero/
e67a2108dc7d,FLoRA Zotero plugin,https://forrt.org/flora-zotero/
b69972d0940b,FLoRA Zotero plugin,https://forrt.org/flora-zotero/
5eef8065efc5,FORRT Booklet,https://forrt.org/booklet/
06d0b79da0cb,FORRT Booklet,https://forrt.org/booklet/
08ad72f96961,FORRT Booklet,https://forrt.org/booklet/
14e308d7e02a,FORRT Booklet,https://forrt.org/booklet/
8f8e0a58c822,FORRT Booklet,https://forrt.org/booklet/
dc74869858df,FORRT Booklet,https://forrt.org/booklet/
14e308d7e02a,FORRT Germany Verein,https://forrt.org/about/charity/
9a55d9d1a8db,FORRT Germany Verein,https://forrt.org/about/charity/
ba20182d1b9a,FORRT Germany Verein,https://forrt.org/about/charity/
06d0b79da0cb,FORRT Germany Verein,https://forrt.org/about/charity/
0688d08defaf,FORRT Germany Verein,https://forrt.org/about/charity/
849374c19cde,FORRT Germany Verein,https://forrt.org/about/charity/
b14416ef200d,FORRT Germany Verein,https://forrt.org/about/charity/
bdcb38dc66d9,FORRT Lesson Plans,https://forrt.org/lesson-plans/
06d0b79da0cb,FORRT Lesson Plans,https://forrt.org/lesson-plans/
c77160a524c6,FORRT Lesson Plans,https://forrt.org/lesson-plans/
0a43c7fde1f4,FORRT Lesson Plans,https://forrt.org/lesson-plans/
92b62773a096,FORRT Lesson Plans,https://forrt.org/lesson-plans/
e36fd6a3a4d0,FORRT Lesson Plans,https://forrt.org/lesson-plans/
efa33ec397fd,FORRT Lesson Plans,https://forrt.org/lesson-plans/
0f1127453a12,FORRT Lesson Plans,https://forrt.org/lesson-plans/
fea57df88f45,FORRT Lesson Plans,https://forrt.org/lesson-plans/
f12902645acd,FORRT Lesson Plans,https://forrt.org/lesson-plans/
edcaabc3ea6a,FORRT Lesson Plans,https://forrt.org/lesson-plans/
8f8e0a58c822,FORRT Lesson Plans,https://forrt.org/lesson-plans/
77c4f17198a4,FORRT Lesson Plans,https://forrt.org/lesson-plans/
c3f9c7911d3e,FORRT Lesson Plans,https://forrt.org/lesson-plans/
a2de32682ed5,FORRT Lesson Plans,https://forrt.org/lesson-plans/
138c7b8e640b,FORRT Lesson Plans,https://forrt.org/lesson-plans/
14e308d7e02a,FORRT Robustness Lighthouse,
06d0b79da0cb,FORRT Robustness Lighthouse,
9a55d9d1a8db,FORRT Robustness Lighthouse,
8490779e6037,FORRT Self Assessment,https://forrt.org/self-assessment/
fd5cc416963c,FORRT Self Assessment,https://forrt.org/self-assessment/
06d0b79da0cb,FORRT Self Assessment,https://forrt.org/self-assessment/
a2de32682ed5,FORRT Self Assessment,https://forrt.org/self-assessment/
36da21bf8437,FORRT Self Assessment,https://forrt.org/self-assessment/
06d0b79da0cb,FORRT's Clusters,https://forrt.org/clusters/
a2de32682ed5,FORRT's Clusters,https://forrt.org/clusters/
0a43c7fde1f4,FORRT's Clusters,https://forrt.org/clusters/
b14416ef200d,FORRT's Clusters,https://forrt.org/clusters/
ba20182d1b9a,FORRT's Clusters,https://forrt.org/clusters/
994e32715336,FORRT's Clusters,https://forrt.org/clusters/
14e308d7e02a,FORRT's Clusters,https://forrt.org/clusters/
20aab84e9325,FORRT's Clusters,https://forrt.org/clusters/
b4ca225bac19,FORRT's Clusters,https://forrt.org/clusters/
7fb822b8d657,FORRT's Clusters,https://forrt.org/clusters/
0e5898e310e0,FORRT's Clusters,https://forrt.org/clusters/
a2de32682ed5,FORRT's Curated Resources,https://forrt.org/resources/
06d0b79da0cb,FORRT's Curated Resources,https://forrt.org/resources/
0a43c7fde1f4,FORRT's Curated Resources,https://forrt.org/resources/
fd5cc416963c,FORRT's Curated Resources,https://forrt.org/resources/
d34bf56350d5,FORRT's Curated Resources,https://forrt.org/resources/
06f528643d90,FORRT's Curated Resources,https://forrt.org/resources/
a900391a7819,FORRT's Curated Resources,https://forrt.org/resources/
5795ad212b7c,FORRT's Curated Resources,https://forrt.org/resources/
34ff7e8a7b3c,FORRT's Curated Resources,https://forrt.org/resources/
97d22c634ce2,FORRT's Curated Resources,https://forrt.org/resources/
59da1275ab56,FORRT's Curated Resources,https://forrt.org/resources/
06d0b79da0cb,FORRT's Manifesto,https://osf.io/bnh7p_v1
a2de32682ed5,FORRT's Manifesto,https://osf.io/bnh7p_v1
b14416ef200d,FORRT's Manifesto,https://osf.io/bnh7p_v1
334e48247a85,FORRT's Manifesto,https://osf.io/bnh7p_v1
777e2848307e,FORRT's Manifesto,https://osf.io/bnh7p_v1
4bee7a518079,FORRT's Manifesto,https://osf.io/bnh7p_v1
0a43c7fde1f4,FORRT's Manifesto,https://osf.io/bnh7p_v1
784ae3ce56a1,FORRT's Manifesto,https://osf.io/bnh7p_v1
8490779e6037,FORRT's Manifesto,https://osf.io/bnh7p_v1
fd5cc416963c,FORRT's Manifesto,https://osf.io/bnh7p_v1
cca6a6472327,FORRT's Manifesto,https://osf.io/bnh7p_v1
f4e12b047c2e,FORRT's Manifesto,https://osf.io/bnh7p_v1
93a221cc8111,FORRT's Manifesto,https://osf.io/bnh7p_v1
92b62773a096,FORRT's Manifesto,https://osf.io/bnh7p_v1
43955e0dba71,FORRT's Manifesto,https://osf.io/bnh7p_v1
ffd966a28de7,FORRT's Manifesto,https://osf.io/bnh7p_v1
53a4ebfd81a5,FORRT's Manifesto,https://osf.io/bnh7p_v1
36da21bf8437,FORRT's Manifesto,https://osf.io/bnh7p_v1
fd7a45660f8c,FORRT's Manifesto,https://osf.io/bnh7p_v1
e36fd6a3a4d0,FORRT's Manifesto,https://osf.io/bnh7p_v1
53b6735545b6,FORRT's Manifesto,https://osf.io/bnh7p_v1
4c5e5146a247,FORRT's Manifesto,https://osf.io/bnh7p_v1
adfa59da2ccd,FORRT's Manifesto,https://osf.io/bnh7p_v1
fea57df88f45,FORRT's Manifesto,https://osf.io/bnh7p_v1
dd30735a4d2d,FORRT's Manifesto,https://osf.io/bnh7p_v1
20aab84e9325,FORRT's Manifesto,https://osf.io/bnh7p_v1
bdcb38dc66d9,FORRT's Manifesto,https://osf.io/bnh7p_v1
c28099cfd1f2,FORRT's Manifesto,https://osf.io/bnh7p_v1
3cba3ae09958,FORRT's Manifesto,https://osf.io/bnh7p_v1
4272de60b28c,FORRT's Manifesto,https://osf.io/bnh7p_v1
6026b01e366d,FORRT's Manifesto,https://osf.io/bnh7p_v1
cba919f60a63,FORRT's Manifesto,https://osf.io/bnh7p_v1
ba20182d1b9a,FORRT's Manifesto,https://osf.io/bnh7p_v1
4d335ec34a12,FORRT's Manifesto,https://osf.io/bnh7p_v1
9f77016b3616,FORRT's Manifesto,https://osf.io/bnh7p_v1
277ff213fcd4,FORRT's Manifesto,https://osf.io/bnh7p_v1
caa61f0c6443,FORRT's Manifesto,https://osf.io/bnh7p_v1
b364758d9a2f,FORRT's Manifesto,https://osf.io/bnh7p_v1
16d70b26bd38,FORRT's Manifesto,https://osf.io/bnh7p_v1
7bc23043e691,FORRT's Manifesto,https://osf.io/bnh7p_v1
1d43d26bba0f,FORRT's Manifesto,https://osf.io/bnh7p_v1
5411f1b8b04a,FORRT's Manifesto,https://osf.io/bnh7p_v1
020045890d23,FORRT's Manifesto,https://osf.io/bnh7p_v1
80e49d18500e,FORRT's Manifesto,https://osf.io/bnh7p_v1
9ca3dfcaebe7,FORRT's Manifesto,https://osf.io/bnh7p_v1
68525ad359c4,FORRT's Manifesto,https://osf.io/bnh7p_v1
f46b22a8e576,FORRT's Manifesto,https://osf.io/bnh7p_v1
5c1dcc59d9b8,FORRT's Manifesto,https://osf.io/bnh7p_v1
94a5cf01992c,FORRT's Manifesto,https://osf.io/bnh7p_v1
e25da07cf74f,FORRT's Manifesto,https://osf.io/bnh7p_v1
4929d240b9e6,FORRT's Manifesto,https://osf.io/bnh7p_v1
efa33ec397fd,FORRT's Manifesto,https://osf.io/bnh7p_v1
0cc1ee9bf7d6,FORRT's Manifesto,https://osf.io/bnh7p_v1
9394604c42c6,FORRT's Manifesto,https://osf.io/bnh7p_v1
1ede1eeeb48c,FORRT's Manifesto,https://osf.io/bnh7p_v1
2b5bf7f93343,FORRT's Manifesto,https://osf.io/bnh7p_v1
c0dbf61d34e6,FORRT's Manifesto,https://osf.io/bnh7p_v1
e1a39ee15484,FORRT's Manifesto,https://osf.io/bnh7p_v1
2b37d89b2d25,FORRT's Manifesto,https://osf.io/bnh7p_v1
cb704fcee0bf,FORRT's Manifesto,https://osf.io/bnh7p_v1
14e308d7e02a,FReD R package,https://forrt.org/FReD/
9a55d9d1a8db,FReD R package,https://forrt.org/FReD/
ba20182d1b9a,FReD R package,https://forrt.org/FReD/
06d0b79da0cb,FReD R package,https://forrt.org/FReD/
9a55d9d1a8db,German teaching network grant,
f9af2e0ff68c,German teaching network grant,
2cd9e1bf222b,German teaching network grant,
1a1f21d2a13b,German teaching network grant,
6fa6f1b90ae3,German teaching network grant,
96cd3ba71e94,German teaching network grant,
06d0b79da0cb,Getting Started with FORRT,https://docs.google.com/document/d/17ECRs6J8spO3CU6siheGL8weQ-TzdyAUpXIiIE8cUeI/edit?tab=t.0#heading=h.9uywlkccaw1
92b62773a096,Getting Started with FORRT,https://docs.google.com/document/d/17ECRs6J8spO3CU6siheGL8weQ-TzdyAUpXIiIE8cUeI/edit?tab=t.0#heading=h.9uywlkccaw1
b14416ef200d,Getting Started with FORRT,https://docs.google.com/document/d/17ECRs6J8spO3CU6siheGL8weQ-TzdyAUpXIiIE8cUeI/edit?tab=t.0#heading=h.9uywlkccaw1
8bce46e7baf5,Getting Started with FORRT,https://docs.google.com/document/d/17ECRs6J8spO3CU6siheGL8weQ-TzdyAUpXIiIE8cUeI/edit?tab=t.0#heading=h.9uywlkccaw1
a2de32682ed5,Getting Started with FORRT,https://docs.google.com/document/d/17ECRs6J8spO3CU6siheGL8weQ-TzdyAUpXIiIE8cUeI/edit?tab=t.0#heading=h.9uywlkccaw1
784ae3ce56a1,Getting Started with FORRT,https://docs.google.com/document/d/17ECRs6J8spO3CU6siheGL8weQ-TzdyAUpXIiIE8cUeI/edit?tab=t.0#heading=h.9uywlkccaw1
cca6a6472327,Getting Started with FORRT,https://docs.google.com/document/d/17ECRs6J8spO3CU6siheGL8weQ-TzdyAUpXIiIE8cUeI/edit?tab=t.0#heading=h.9uywlkccaw1
9c18704e0fc2,Getting Started with FORRT,https://docs.google.com/document/d/17ECRs6J8spO3CU6siheGL8weQ-TzdyAUpXIiIE8cUeI/edit?tab=t.0#heading=h.9uywlkccaw1
ba20182d1b9a,Getting Started with FORRT,https://docs.google.com/document/d/17ECRs6J8spO3CU6siheGL8weQ-TzdyAUpXIiIE8cUeI/edit?tab=t.0#heading=h.9uywlkccaw1
9a55d9d1a8db,Getting Started with FORRT,https://docs.google.com/document/d/17ECRs6J8spO3CU6siheGL8weQ-TzdyAUpXIiIE8cUeI/edit?tab=t.0#heading=h.9uywlkccaw1
99937b966080,Getting Started with FORRT,https://docs.google.com/document/d/17ECRs6J8spO3CU6siheGL8weQ-TzdyAUpXIiIE8cUeI/edit?tab=t.0#heading=h.9uywlkccaw1
0e3b46e128fd,Getting Started with FORRT,https://docs.google.com/document/d/17ECRs6J8spO3CU6siheGL8weQ-TzdyAUpXIiIE8cUeI/edit?tab=t.0#heading=h.9uywlkccaw1
8f8e0a58c822,Getting Started with FORRT,https://docs.google.com/document/d/17ECRs6J8spO3CU6siheGL8weQ-TzdyAUpXIiIE8cUeI/edit?tab=t.0#heading=h.9uywlkccaw1
a2de32682ed5,Glossary,https://forrt.org/glossary/
06d0b79da0cb,Glossary,https://forrt.org/glossary/
0a43c7fde1f4,Glossary,https://forrt.org/glossary/
4bee7a518079,Glossary,https://forrt.org/glossary/
b633b0db39c0,Glossary,https://forrt.org/glossary/
e708ffe600f7,Glossary,https://forrt.org/glossary/
1ede1eeeb48c,Glossary,https://forrt.org/glossary/
67e6674d387c,Glossary,https://forrt.org/glossary/
0a0c61be81e2,Glossary,https://forrt.org/glossary/
e36fd6a3a4d0,Glossary,https://forrt.org/glossary/
57f96ac37521,Glossary,https://forrt.org/glossary/
f943a977e696,Glossary,https://forrt.org/glossary/
efa33ec397fd,Glossary,https://forrt.org/glossary/
dc74869858df,Glossary,https://forrt.org/glossary/
3de30473cd4f,Glossary,https://forrt.org/glossary/
9c18704e0fc2,Glossary,https://forrt.org/glossary/
fd7a45660f8c,Glossary,https://forrt.org/glossary/
ae8ce5363f70,Glossary,https://forrt.org/glossary/
1fa7e9b30cf6,Glossary,https://forrt.org/glossary/
16d70b26bd38,Glossary,https://forrt.org/glossary/
4929d240b9e6,Glossary,https://forrt.org/glossary/
2f93af160426,Glossary,https://forrt.org/glossary/
c3a03574aa68,Glossary,https://forrt.org/glossary/
b0ba7c928436,Glossary,https://forrt.org/glossary/
53a4ebfd81a5,Glossary,https://forrt.org/glossary/
08401dc33c5a,Glossary,https://forrt.org/glossary/
9394604c42c6,Glossary,https://forrt.org/glossary/
2b37d89b2d25,Glossary,https://forrt.org/glossary/
e16e64456711,Glossary,https://forrt.org/glossary/
b52141f71f6b,Glossary,https://forrt.org/glossary/
ba20182d1b9a,Glossary,https://forrt.org/glossary/
9f77016b3616,Glossary,https://forrt.org/glossary/
92b62773a096,Glossary,https://forrt.org/glossary/
250bd9957069,Glossary,https://forrt.org/glossary/
6026b01e366d,Glossary,https://forrt.org/glossary/
7483a9cf996f,Glossary,https://forrt.org/glossary/
8035bfc9ded8,Glossary,https://forrt.org/glossary/
989afc40fac3,Glossary,https://forrt.org/glossary/
fd486698fe09,Glossary,https://forrt.org/glossary/
eeb5543e8769,Glossary,https://forrt.org/glossary/
ae93d118554a,Glossary,https://forrt.org/glossary/
bc2cb047e4f7,Glossary,https://forrt.org/glossary/
cca6a6472327,Glossary,https://forrt.org/glossary/
581a16f7eb7a,Glossary,https://forrt.org/glossary/
79e9dd2abdc7,Glossary,https://forrt.org/glossary/
b364758d9a2f,Glossary,https://forrt.org/glossary/
fea57df88f45,Glossary,https://forrt.org/glossary/
a628fb4c9cf1,Glossary,https://forrt.org/glossary/
345e48df0daa,Glossary,https://forrt.org/glossary/
e26eb9372d06,Glossary,https://forrt.org/glossary/
7958b627c5af,Glossary,https://forrt.org/glossary/
65e7ec41d6db,Glossary,https://forrt.org/glossary/
d62feef5b148,Glossary,https://forrt.org/glossary/
0ca2f7cee40d,Glossary,https://forrt.org/glossary/
31f74f743e6b,Glossary,https://forrt.org/glossary/
9f339d89e6dc,Glossary,https://forrt.org/glossary/
0d759c8a6ce6,Glossary,https://forrt.org/glossary/
90ac76f60ba1,Glossary,https://forrt.org/glossary/
3d158592dea8,Glossary,https://forrt.org/glossary/
60080d4037e7,Glossary,https://forrt.org/glossary/
20aab84e9325,Glossary,https://forrt.org/glossary/
adfa59da2ccd,Glossary,https://forrt.org/glossary/
edcaabc3ea6a,Glossary,https://forrt.org/glossary/
5480cef34e47,Glossary,https://forrt.org/glossary/
777e2848307e,Glossary,https://forrt.org/glossary/
1a8126d37c6b,Glossary,https://forrt.org/glossary/
a8b2bff5b900,Glossary,https://forrt.org/glossary/
5411f1b8b04a,Glossary,https://forrt.org/glossary/
cb704fcee0bf,Glossary,https://forrt.org/glossary/
9b0a880592a7,Glossary,https://forrt.org/glossary/
b3804fd87ee6,Glossary,https://forrt.org/glossary/
b14416ef200d,Glossary,https://forrt.org/glossary/
e8e94e1d7fe7,Glossary,https://forrt.org/glossary/
4585492e9dae,Glossary,https://forrt.org/glossary/
b7474e83b30d,Glossary,https://forrt.org/glossary/
d371698de408,Glossary,https://forrt.org/glossary/
e63cce05e676,Glossary,https://forrt.org/glossary/
95a59e575ba0,Glossary,https://forrt.org/glossary/
cbecba5d346c,Glossary,https://forrt.org/glossary/
9af9a5ed28c3,Glossary,https://forrt.org/glossary/
629756e56eb3,Glossary,https://forrt.org/glossary/
4c5e5146a247,Glossary,https://forrt.org/glossary/
8bce46e7baf5,Glossary,https://forrt.org/glossary/
994e32715336,Glossary,https://forrt.org/glossary/
9b0110a41410,Glossary,https://forrt.org/glossary/
bdcb38dc66d9,Glossary,https://forrt.org/glossary/
1d43d26bba0f,Glossary,https://forrt.org/glossary/
7bc23043e691,Glossary,https://forrt.org/glossary/
a3871b25f31a,Glossary,https://forrt.org/glossary/
43955e0dba71,Glossary,https://forrt.org/glossary/
ba344e0c8857,Glossary,https://forrt.org/glossary/
24e0922d3648,Glossary,https://forrt.org/glossary/
c77160a524c6,Glossary,https://forrt.org/glossary/
d7d9410b5223,Glossary,https://forrt.org/glossary/
4a94ecd2c80d,Glossary,https://forrt.org/glossary/
f4e12b047c2e,Glossary,https://forrt.org/glossary/
48acad72f7d8,Glossary,https://forrt.org/glossary/
277ff213fcd4,Glossary,https://forrt.org/glossary/
c0dbf61d34e6,Glossary,https://forrt.org/glossary/
ffd966a28de7,Glossary,https://forrt.org/glossary/
c0dbf61d34e6,Glossary - Arabic Translation,https://forrt.org/glossary/arabic/
76b9a577fe7b,Glossary - Arabic Translation,https://forrt.org/glossary/arabic/
5086ed322c75,Glossary - Arabic Translation,https://forrt.org/glossary/arabic/
9b280913a5bb,Glossary - Arabic Translation,https://forrt.org/glossary/arabic/
379e460b70de,Glossary - Arabic Translation,https://forrt.org/glossary/arabic/
d5125af98b4b,Glossary - Arabic Translation,https://forrt.org/glossary/arabic/
9ad1c2b4d7f7,Glossary - Arabic Translation,https://forrt.org/glossary/arabic/
a3146ca477a2,Glossary - Arabic Translation,https://forrt.org/glossary/arabic/
1a45d33fff14,Glossary - Arabic Translation,https://forrt.org/glossary/arabic/
a7a0fbf15d20,Glossary - Arabic Translation,https://forrt.org/glossary/arabic/
0da1012bc54d,Glossary - Arabic Translation,https://forrt.org/glossary/arabic/
a6725e976a83,Glossary - Arabic Translation,https://forrt.org/glossary/arabic/
72141149ea70,Glossary - Arabic Translation,https://forrt.org/glossary/arabic/
78d5687e7f42,Glossary - Arabic Translation,https://forrt.org/glossary/arabic/
880fb0ad15a1,Glossary - Arabic Translation,https://forrt.org/glossary/arabic/
b4eea76f5444,Glossary - Arabic Translation,https://forrt.org/glossary/arabic/
61afac3565c8,Glossary - Arabic Translation,https://forrt.org/glossary/arabic/
cafcf1d59689,Glossary - Arabic Translation,https://forrt.org/glossary/arabic/
03aa01c8233c,Glossary - Bengali Translation,
b03e5ac8756b,Glossary - Bengali Translation,
8feea8860b01,Glossary - Bulgarian Translation,
8a6912693a18,Glossary - Bulgarian Translation,
e9f2610fb4fb,Glossary - Bulgarian Translation,
59da1275ab56,Glossary - Bulgarian Translation,
8ea0f79dfb62,Glossary - Bulgarian Translation,
19105ceb5f96,Glossary - Chinese Translation,
1e3e457449f0,Glossary - Chinese Translation,
9b4e4a7deea4,Glossary - Chinese Translation,
6026830c00e0,Glossary - Chinese Translation,
f0fef66194a4,Glossary - Chinese Translation,
c810ed75749f,Glossary - Chinese Translation,
84429cc976d8,Glossary - Chinese Translation,
f8d16b130ad4,Glossary - Chinese Translation,
40bc4ce8758a,Glossary - Chinese Translation,
ba20182d1b9a,Glossary - German Translation,https://forrt.org/glossary/german/
65c9474eeb7a,Glossary - German Translation,https://forrt.org/glossary/german/
90ac76f60ba1,Glossary - German Translation,https://forrt.org/glossary/german/
c0051d40f61a,Glossary - German Translation,https://forrt.org/glossary/german/
89328d7cd14d,Glossary - German Translation,https://forrt.org/glossary/german/
7254243f56c9,Glossary - Italian Translation,
e67a2108dc7d,Glossary - Portuguese Translation,
6128144f020a,Glossary - Portuguese Translation,
e59ca4f1d31c,Glossary - Portuguese Translation,
06c36cc495e0,Glossary - Portuguese Translation,
65d7cd6133bc,Glossary - Portuguese Translation,
6a4d5a8e2ac3,Glossary - Serbian Translation,https://forrt.org/glossary/
4d9398662e56,Glossary - Serbian Translation,https://forrt.org/glossary/
a721122d3c60,Glossary - Serbian Translation,https://forrt.org/glossary/
f99ae0bf7126,Glossary - Serbian Translation,https://forrt.org/glossary/
de1308dd4b56,Glossary - Serbian Translation,https://forrt.org/glossary/
932554903d01,Glossary - Serbian Translation,https://forrt.org/glossary/
80b9225f55c4,Glossary - Serbian Translation,https://forrt.org/glossary/
e9b4a458b442,Glossary - Spanish Translation,
a17d804fa128,Glossary - Spanish Translation,
14e308d7e02a,Guide to Carrying out Replication Studies,https://lukasroeseler.github.io/replicationresearch_mockup/
9a55d9d1a8db,Guide to Carrying out Replication Studies,https://lukasroeseler.github.io/replicationresearch_mockup/
ba20182d1b9a,Guide to Carrying out Replication Studies,https://lukasroeseler.github.io/replicationresearch_mockup/
faefcddc46fe,Guide to Carrying out Replication Studies,https://lukasroeseler.github.io/replicationresearch_mockup/
d34d783a30d8,Guide to Carrying out Replication Studies,https://lukasroeseler.github.io/replicationresearch_mockup/
210877301fe1,Guide to Carrying out Replication Studies,https://lukasroeseler.github.io/replicationresearch_mockup/
15c7e59c85c4,Guide to Carrying out Replication Studies,https://lukasroeseler.github.io/replicationresearch_mockup/
9aa6ab2bd09e,Guide to Carrying out Replication Studies,https://lukasroeseler.github.io/replicationresearch_mockup/
6ab771924f65,Guide to Carrying out Replication Studies,https://lukasroeseler.github.io/replicationresearch_mockup/
e36fd6a3a4d0,Guide to Carrying out Replication Studies,https://lukasroeseler.github.io/replicationresearch_mockup/
81729961284d,Guide to Carrying out Replication Studies,https://lukasroeseler.github.io/replicationresearch_mockup/
8867725432b2,Guide to Carrying out Replication Studies,https://lukasroeseler.github.io/replicationresearch_mockup/
4272de60b28c,Guide to Carrying out Replication Studies,https://lukasroeseler.github.io/replicationresearch_mockup/
5f568c95702d,Guide to Carrying out Replication Studies,https://lukasroeseler.github.io/replicationresearch_mockup/
746c3f68b8f1,Guide to Carrying out Replication Studies,https://lukasroeseler.github.io/replicationresearch_mockup/
8490779e6037,Guide to Carrying out Replication Studies,https://lukasroeseler.github.io/replicationresearch_mockup/
6ae3a444ce13,Guide to Carrying out Replication Studies,https://lukasroeseler.github.io/replicationresearch_mockup/
06d0b79da0cb,Guide to Carrying out Replication Studies,https://lukasroeseler.github.io/replicationresearch_mockup/
bdcb38dc66d9,Impact on students,https://forrt.org/impact/
06d0b79da0cb,Impact on students,https://forrt.org/impact/
da1ef33e9338,Impact on students,https://forrt.org/impact/
cf6392f6a5d8,Impact on students,https://forrt.org/impact/
20aab84e9325,Impact on students,https://forrt.org/impact/
4585492e9dae,Impact on students,https://forrt.org/impact/
fba0c6a11f4e,Impact on students,https://forrt.org/impact/
0a43c7fde1f4,Impact on students,https://forrt.org/impact/
f6669138c54f,Impact on students,https://forrt.org/impact/
43955e0dba71,Impact on students,https://forrt.org/impact/
f46b22a8e576,Impact on students,https://forrt.org/impact/
cca6a6472327,Impact on students,https://forrt.org/impact/
93a221cc8111,Impact on students,https://forrt.org/impact/
b52141f71f6b,Impact on students,https://forrt.org/impact/
a3871b25f31a,Impact on students,https://forrt.org/impact/
6026b01e366d,Impact on students,https://forrt.org/impact/
250bd9957069,Impact on students,https://forrt.org/impact/
caa61f0c6443,Impact on students,https://forrt.org/impact/
fd7a45660f8c,Impact on students,https://forrt.org/impact/
8867725432b2,Impact on students,https://forrt.org/impact/
e1a39ee15484,Impact on students,https://forrt.org/impact/
80e49d18500e,Impact on students,https://forrt.org/impact/
e36fd6a3a4d0,Impact on students,https://forrt.org/impact/
8f8e0a58c822,Impact on students,https://forrt.org/impact/
f5df1a2e499a,Impact on students,https://forrt.org/impact/
f12902645acd,Impact on students,https://forrt.org/impact/
ba20182d1b9a,Impact on students,https://forrt.org/impact/
eeb5543e8769,Impact on students,https://forrt.org/impact/
333cbff201d9,Impact on students,https://forrt.org/impact/
5411f1b8b04a,Impact on students,https://forrt.org/impact/
263b19c75585,Impact on students,https://forrt.org/impact/
c0051d40f61a,Impact on students,https://forrt.org/impact/
4d335ec34a12,Impact on students,https://forrt.org/impact/
9a001c24a0a7,Impact on students,https://forrt.org/impact/
e16e64456711,Impact on students,https://forrt.org/impact/
c0dbf61d34e6,Impact on students,https://forrt.org/impact/
425ea1212508,Impact on students,https://forrt.org/impact/
9394604c42c6,Impact on students,https://forrt.org/impact/
277ff213fcd4,Impact on students,https://forrt.org/impact/
9ca3dfcaebe7,Impact on students,https://forrt.org/impact/
cba919f60a63,Impact on students,https://forrt.org/impact/
e67a2108dc7d,Impact on students,https://forrt.org/impact/
fea57df88f45,Impact on students,https://forrt.org/impact/
7958b627c5af,Impact on students,https://forrt.org/impact/
7bc23043e691,Impact on students,https://forrt.org/impact/
79e9dd2abdc7,Impact on students,https://forrt.org/impact/
1ede1eeeb48c,Impact on students,https://forrt.org/impact/
2c091a4e4829,Impact on students,https://forrt.org/impact/
0f1127453a12,Impact on students,https://forrt.org/impact/
b364758d9a2f,Impact on students,https://forrt.org/impact/
92b62773a096,Impact on students,https://forrt.org/impact/
ee9f0b880883,Impact on students,https://forrt.org/impact/
b14416ef200d,Impact on students,https://forrt.org/impact/
44dca673b683,Impact on students,https://forrt.org/impact/
edcaabc3ea6a,Impact on students,https://forrt.org/impact/
8bce46e7baf5,Impact on students,https://forrt.org/impact/
3cba3ae09958,Impact on students,https://forrt.org/impact/
fd36642b771e,Impact on students,https://forrt.org/impact/
989afc40fac3,Impact on students,https://forrt.org/impact/
8c6be9d2424a,Impact on students,https://forrt.org/impact/
c4cabe800937,Impact on students,https://forrt.org/impact/
2b5bf7f93343,Impact on students,https://forrt.org/impact/
8feea8860b01,Impact on students,https://forrt.org/impact/
ae880ef7bfb6,Impact on students,https://forrt.org/impact/
994e32715336,Impact on students,https://forrt.org/impact/
4bee7a518079,Impact on students,https://forrt.org/impact/
eaff4fb8b67d,Impact on students,https://forrt.org/impact/
883f15fc9059,Impact on students,https://forrt.org/impact/
45abc47bb01c,Impact on students,https://forrt.org/impact/
98c1af03e2e4,International Initiatives to Enhance Awareness and Uptake of Open Research in Psychology,https://doi.org/10.1098/rsos.241726
e11f5478b3d1,International Initiatives to Enhance Awareness and Uptake of Open Research in Psychology,https://doi.org/10.1098/rsos.241726
20aab84e9325,International Initiatives to Enhance Awareness and Uptake of Open Research in Psychology,https://doi.org/10.1098/rsos.241726
06d0b79da0cb,International Initiatives to Enhance Awareness and Uptake of Open Research in Psychology,https://doi.org/10.1098/rsos.241726
e36fd6a3a4d0,International Initiatives to Enhance Awareness and Uptake of Open Research in Psychology,https://doi.org/10.1098/rsos.241726
994e32715336,IOI Grant,
06d0b79da0cb,IOI Grant,
b14416ef200d,IOI Grant,
48acad72f7d8,IOI Grant,
ba20182d1b9a,IOI Grant,
5795ad212b7c,JUST-OS,https://www.just-os.org/
34ff7e8a7b3c,JUST-OS,https://www.just-os.org/
97d22c634ce2,JUST-OS,https://www.just-os.org/
06d0b79da0cb,JUST-OS,https://www.just-os.org/
06f528643d90,JUST-OS,https://www.just-os.org/
a900391a7819,JUST-OS,https://www.just-os.org/
c0dbf61d34e6,Landscape,
fd7a45660f8c,Landscape,
5954a0cb9f60,Landscape,
208923c64cc1,Landscape,
0a43c7fde1f4,Landscape,
89328d7cd14d,Landscape,
f46b22a8e576,Landscape,
1d43d26bba0f,Landscape,
fba0c6a11f4e,Landscape,
d7d9410b5223,Landscape,
ba20182d1b9a,Landscape,
4d36f558eabf,Landscape,
994e32715336,Landscape,
91463b54678b,Landscape,
b8a6b36c04e0,Landscape,
a0317b8a38c9,Landscape,
f943a977e696,Landscape,
fea57df88f45,Landscape,
70f5d5ab2ea7,Landscape,
d7eb4f3583cb,Landscape,
edcaabc3ea6a,Landscape,
1ede1eeeb48c,Landscape,
629756e56eb3,Landscape,
e36fd6a3a4d0,Landscape,
08ad72f96961,Landscape,
94734e2e0f18,Landscape,
98c1af03e2e4,Landscape,
9b0110a41410,Landscape,
9394604c42c6,Landscape,
046ad4dc94a3,Landscape,
61f4650ce66f,Landscape,
2892fb4fe101,Landscape,
7703d0e9eec3,Landscape,
989afc40fac3,Landscape,
eeb5543e8769,Landscape,
06d0b79da0cb,Landscape,
6de604913739,Mapping Open Science Communities,https://forrt.org/mapping_os/
06d0b79da0cb,Mapping Open Science Communities,https://forrt.org/mapping_os/
98c1af03e2e4,Mapping Open Science Communities,https://forrt.org/mapping_os/
e11f5478b3d1,Mapping Open Science Communities,https://forrt.org/mapping_os/
20aab84e9325,Mapping Open Science Communities,https://forrt.org/mapping_os/
e36fd6a3a4d0,Mapping Open Science Communities,https://forrt.org/mapping_os/
ee9f0b880883,Neurodivergent Authors Database,https://docs.google.com/spreadsheets/d/1OnfQB1OqC00OflwTuRPBhG5NfX-_oLxxoTM_F_J5t5c/edit?gid=699666261#gid=699666261
0a43c7fde1f4,Neurodivergent Authors Database,https://docs.google.com/spreadsheets/d/1OnfQB1OqC00OflwTuRPBhG5NfX-_oLxxoTM_F_J5t5c/edit?gid=699666261#gid=699666261
8f8e0a58c822,Neurodivergent Authors Database,https://docs.google.com/spreadsheets/d/1OnfQB1OqC00OflwTuRPBhG5NfX-_oLxxoTM_F_J5t5c/edit?gid=699666261#gid=699666261
06d0b79da0cb,Neurodivergent Authors Database,https://docs.google.com/spreadsheets/d/1OnfQB1OqC00OflwTuRPBhG5NfX-_oLxxoTM_F_J5t5c/edit?gid=699666261#gid=699666261
7703d0e9eec3,Neurodivergent Authors Database,https://docs.google.com/spreadsheets/d/1OnfQB1OqC00OflwTuRPBhG5NfX-_oLxxoTM_F_J5t5c/edit?gid=699666261#gid=699666261
eeb5543e8769,Neurodiversity Annotated Reading List,https://elifesciences.org/articles/102467
0a43c7fde1f4,Neurodiversity Annotated Reading List,https://elifesciences.org/articles/102467
7f045e4ff370,Neurodiversity Annotated Reading List,https://elifesciences.org/articles/102467
79e9dd2abdc7,Neurodiversity Annotated Reading List,https://elifesciences.org/articles/102467
1d43d26bba0f,Neurodiversity Annotated Reading List,https://elifesciences.org/articles/102467
f46b22a8e576,Neurodiversity Annotated Reading List,https://elifesciences.org/articles/102467
e11f5478b3d1,Neurodiversity Annotated Reading List,https://elifesciences.org/articles/102467
cca6a6472327,Neurodiversity Annotated Reading List,https://elifesciences.org/articles/102467
ba20182d1b9a,Neurodiversity Annotated Reading List,https://elifesciences.org/articles/102467
b364758d9a2f,Neurodiversity Annotated Reading List,https://elifesciences.org/articles/102467
dcb52eae5527,Neurodiversity Annotated Reading List,https://elifesciences.org/articles/102467
b4ca225bac19,Neurodiversity Annotated Reading List,https://elifesciences.org/articles/102467
31cc356d34a5,Neurodiversity Annotated Reading List,https://elifesciences.org/articles/102467
a17d804fa128,Neurodiversity Annotated Reading List,https://elifesciences.org/articles/102467
cf5186025891,Neurodiversity Annotated Reading List,https://elifesciences.org/articles/102467
5101fbba8637,Neurodiversity Annotated Reading List,https://elifesciences.org/articles/102467
bee49fd4f83a,Neurodiversity Annotated Reading List,https://elifesciences.org/articles/102467
fe09ceb2ce9e,Neurodiversity Annotated Reading List,https://elifesciences.org/articles/102467
06d0b79da0cb,Neurodiversity Annotated Reading List,https://elifesciences.org/articles/102467
2d3174805bd8,Neurodiversity Annotated Reading List,https://elifesciences.org/articles/102467
b14416ef200d,NWO POST-EDU Grant,
bdcb38dc66d9,NWO POST-EDU Grant,
ba20182d1b9a,NWO POST-EDU Grant,
20aab84e9325,NWO POST-EDU Grant,
9ca3dfcaebe7,NWO POST-EDU Grant,
06d0b79da0cb,NWO POST-EDU Grant,
06d0b79da0cb,NWO TRACKREP Grant,
ba20182d1b9a,NWO TRACKREP Grant,
9a55d9d1a8db,NWO TRACKREP Grant,
b14416ef200d,NWO TRACKREP Grant,
a2de32682ed5,NWO TRACKREP Grant,
06d0b79da0cb,Open Educational Resources Chapter,https://doi.org/10.35542/osf.io/sn693_v2
4272de60b28c,Open Educational Resources Chapter,https://doi.org/10.35542/osf.io/sn693_v2
b14416ef200d,Open Educational Resources Chapter,https://doi.org/10.35542/osf.io/sn693_v2
5101fbba8637,Open Educational Resources Chapter,https://doi.org/10.35542/osf.io/sn693_v2
e11f5478b3d1,Open Educational Resources Chapter,https://doi.org/10.35542/osf.io/sn693_v2
99937b966080,Open Educational Resources Chapter,https://doi.org/10.35542/osf.io/sn693_v2
0e3b46e128fd,Open Educational Resources Chapter,https://doi.org/10.35542/osf.io/sn693_v2
b081cdafd83e,Open Educational Resources Chapter,https://doi.org/10.35542/osf.io/sn693_v2
59da1275ab56,Open Educational Resources Chapter,https://doi.org/10.35542/osf.io/sn693_v2
61af427308f2,Open Educational Resources Chapter,https://doi.org/10.35542/osf.io/sn693_v2
b52141f71f6b,Open Educational Resources Chapter,https://doi.org/10.35542/osf.io/sn693_v2
4272de60b28c,Open Research Book,https://forrt.org/open-research-course/
06d0b79da0cb,Open Research Book,https://forrt.org/open-research-course/
7fb822b8d657,Open Research Book,https://forrt.org/open-research-course/
254c5caacabd,Open Science in Developing Countries,https://forrt.org/os-developing-world/
9758aeb7a2f5,Open Science in Developing Countries,https://forrt.org/os-developing-world/
f943a977e696,Open Science in Developing Countries,https://forrt.org/os-developing-world/
e71b722f8d27,Open Science in Developing Countries,https://forrt.org/os-developing-world/
5fc811d101fa,Open Science in Developing Countries,https://forrt.org/os-developing-world/
03aa01c8233c,Open Science in Developing Countries,https://forrt.org/os-developing-world/
91463b54678b,Open Science in Developing Countries,https://forrt.org/os-developing-world/
cb40f2c43772,Open Science in Developing Countries,https://forrt.org/os-developing-world/
f99ae0bf7126,Open Science in Developing Countries,https://forrt.org/os-developing-world/
8feea8860b01,Open Science in Developing Countries,https://forrt.org/os-developing-world/
4d9398662e56,Open Science in Developing Countries,https://forrt.org/os-developing-world/
778fd49eb70f,Open Science in Developing Countries,https://forrt.org/os-developing-world/
113df9f767ce,Open Science in Developing Countries,https://forrt.org/os-developing-world/
edcaabc3ea6a,Open Science in Developing Countries,https://forrt.org/os-developing-world/
0a43c7fde1f4,Open Science in Developing Countries,https://forrt.org/os-developing-world/
f50f4c9c1895,Open Science in Developing Countries,https://forrt.org/os-developing-world/
5d852cb1b6e5,Open Science in Developing Countries,https://forrt.org/os-developing-world/
e59ca4f1d31c,Open Science in Developing Countries,https://forrt.org/os-developing-world/
a721122d3c60,Open Science in Developing Countries,https://forrt.org/os-developing-world/
622e660c3be1,Open Science in Developing Countries,https://forrt.org/os-developing-world/
eeb5543e8769,Open Science in Developing Countries,https://forrt.org/os-developing-world/
670ad8f5645c,Open Science in Developing Countries,https://forrt.org/os-developing-world/
6a4d5a8e2ac3,Open Science in Developing Countries,https://forrt.org/os-developing-world/
1173fb182787,Open Science in Developing Countries,https://forrt.org/os-developing-world/
b727cd8a522e,Open Science in Developing Countries,https://forrt.org/os-developing-world/
05a60723b80d,Open Science in Developing Countries,https://forrt.org/os-developing-world/
336ce9aa9e76,Open Science in Developing Countries,https://forrt.org/os-developing-world/
7b3b72b0108c,Open Science in Developing Countries,https://forrt.org/os-developing-world/
d9bf26e194fc,Open Science in Developing Countries,https://forrt.org/os-developing-world/
ad26024e6c45,Open Science in Developing Countries,https://forrt.org/os-developing-world/
d4a75dbddb33,Open Science in Developing Countries,https://forrt.org/os-developing-world/
a3119396b7fd,Open Science in Developing Countries,https://forrt.org/os-developing-world/
552ae1816fc6,Open Science in Developing Countries,https://forrt.org/os-developing-world/
c0dbf61d34e6,Open Science in Developing Countries,https://forrt.org/os-developing-world/
66ed55ecb777,Open Science in Developing Countries,https://forrt.org/os-developing-world/
0d9d1b7b4418,Open Science in Developing Countries,https://forrt.org/os-developing-world/
b23b00bc53a2,Open Science in Developing Countries,https://forrt.org/os-developing-world/
78fdc0da2e4c,Open Science in Developing Countries,https://forrt.org/os-developing-world/
f46b22a8e576,Open Science in Developing Countries,https://forrt.org/os-developing-world/
fea57df88f45,Open Science in Developing Countries,https://forrt.org/os-developing-world/
06d0b79da0cb,Open Science in Developing Countries,https://forrt.org/os-developing-world/
b52141f71f6b,OSCARS Grant Application,
8f8e0a58c822,OSCARS Grant Application,
b14416ef200d,OSCARS Grant Application,
9a55d9d1a8db,OSCARS Grant Application,
5101fbba8637,OSCARS Grant Application,
56f098801e09,OSCARS Grant Application,
06d0b79da0cb,OSCARS Grant Application,
d9f64e84980b,Participatory Research Primer (BPS),https://doi.org/10.53841/bpscog.2023.1.8.23
0a43c7fde1f4,Participatory Research Primer (BPS),https://doi.org/10.53841/bpscog.2023.1.8.23
ee9f0b880883,Participatory Research Primer (BPS),https://doi.org/10.53841/bpscog.2023.1.8.23
ba20182d1b9a,Participatory Research Primer (BPS),https://doi.org/10.53841/bpscog.2023.1.8.23
994e32715336,Participatory Research Primer (BPS),https://doi.org/10.53841/bpscog.2023.1.8.23
cca6a6472327,Participatory Research Primer (BPS),https://doi.org/10.53841/bpscog.2023.1.8.23
b2bc86e0cd7a,Participatory Research Primer (BPS),https://doi.org/10.53841/bpscog.2023.1.8.23
cc896b961ddb,Participatory Research Primer (BPS),https://doi.org/10.53841/bpscog.2023.1.8.23
dca1b78168a4,Participatory Research Primer (BPS),https://doi.org/10.53841/bpscog.2023.1.8.23
8f8e0a58c822,Participatory Research Primer (BPS),https://doi.org/10.53841/bpscog.2023.1.8.23
9481a18fa3f2,Participatory Research Primer (BPS),https://doi.org/10.53841/bpscog.2023.1.8.23
b364758d9a2f,Participatory Research Primer (BPS),https://doi.org/10.53841/bpscog.2023.1.8.23
eeb5543e8769,Participatory Research Primer (BPS),https://doi.org/10.53841/bpscog.2023.1.8.23
06d0b79da0cb,Participatory Research Primer (BPS),https://doi.org/10.53841/bpscog.2023.1.8.23
b14416ef200d,Pedagogies,https://forrt.org/pedagogies/
989afc40fac3,Pedagogies,https://forrt.org/pedagogies/
99937b966080,Pedagogies,https://forrt.org/pedagogies/
04a74276696c,Pedagogies,https://forrt.org/pedagogies/
53b6735545b6,Pedagogies,https://forrt.org/pedagogies/
53a4ebfd81a5,Pedagogies,https://forrt.org/pedagogies/
06d0b79da0cb,Pedagogies,https://forrt.org/pedagogies/
b0ba7c928436,Piece for the Educator’s corner,
0d1716fee803,Piece for the Educator’s corner,
06d0b79da0cb,Piece for the Educator’s corner,
8ea0f79dfb62,Piece for the Educator’s corner,
e11f5478b3d1,"Paper: ""Positive Changes from the Replication Crisis""",https://forrt.org/positive-changes-replication-crisis/
06d0b79da0cb,"Paper: ""Positive Changes from the Replication Crisis""",https://forrt.org/positive-changes-replication-crisis/
ba20182d1b9a,"Paper: ""Positive Changes from the Replication Crisis""",https://forrt.org/positive-changes-replication-crisis/
0a43c7fde1f4,"Paper: ""Positive Changes from the Replication Crisis""",https://forrt.org/positive-changes-replication-crisis/
1ede1eeeb48c,"Paper: ""Positive Changes from the Replication Crisis""",https://forrt.org/positive-changes-replication-crisis/
cca6a6472327,"Paper: ""Positive Changes from the Replication Crisis""",https://forrt.org/positive-changes-replication-crisis/
de3f7c633ee0,"Paper: ""Positive Changes from the Replication Crisis""",https://forrt.org/positive-changes-replication-crisis/
e36fd6a3a4d0,"Paper: ""Positive Changes from the Replication Crisis""",https://forrt.org/positive-changes-replication-crisis/
8f8e0a58c822,"Paper: ""Positive Changes from the Replication Crisis""",https://forrt.org/positive-changes-replication-crisis/
bdcb38dc66d9,"Paper: ""Positive Changes from the Replication Crisis""",https://forrt.org/positive-changes-replication-crisis/
f46b22a8e576,"Paper: ""Positive Changes from the Replication Crisis""",https://forrt.org/positive-changes-replication-crisis/
9f77016b3616,"Paper: ""Positive Changes from the Replication Crisis""",https://forrt.org/positive-changes-replication-crisis/
2b5bf7f93343,"Paper: ""Positive Changes from the Replication Crisis""",https://forrt.org/positive-changes-replication-crisis/
b57e63879003,"Paper: ""Positive Changes from the Replication Crisis""",https://forrt.org/positive-changes-replication-crisis/
caa61f0c6443,"Paper: ""Positive Changes from the Replication Crisis""",https://forrt.org/positive-changes-replication-crisis/
fd7a45660f8c,"Paper: ""Positive Changes from the Replication Crisis""",https://forrt.org/positive-changes-replication-crisis/
fba0c6a11f4e,"Paper: ""Positive Changes from the Replication Crisis""",https://forrt.org/positive-changes-replication-crisis/
43955e0dba71,"Paper: ""Positive Changes from the Replication Crisis""",https://forrt.org/positive-changes-replication-crisis/
7bc23043e691,"Paper: ""Positive Changes from the Replication Crisis""",https://forrt.org/positive-changes-replication-crisis/
b364758d9a2f,"Paper: ""Positive Changes from the Replication Crisis""",https://forrt.org/positive-changes-replication-crisis/
fea57df88f45,"Paper: ""Positive Changes from the Replication Crisis""",https://forrt.org/positive-changes-replication-crisis/
da1ef33e9338,"Paper: ""Positive Changes from the Replication Crisis""",https://forrt.org/positive-changes-replication-crisis/
6026b01e366d,"Paper: ""Positive Changes from the Replication Crisis""",https://forrt.org/positive-changes-replication-crisis/
d371698de408,"Paper: ""Positive Changes from the Replication Crisis""",https://forrt.org/positive-changes-replication-crisis/
c0dbf61d34e6,"Paper: ""Positive Changes from the Replication Crisis""",https://forrt.org/positive-changes-replication-crisis/
20aab84e9325,"Paper: ""Positive Changes from the Replication Crisis""",https://forrt.org/positive-changes-replication-crisis/
efa33ec397fd,"Paper: ""Positive Changes from the Replication Crisis""",https://forrt.org/positive-changes-replication-crisis/
b14416ef200d,"Paper: ""Positive Changes from the Replication Crisis""",https://forrt.org/positive-changes-replication-crisis/
80e49d18500e,"Paper: ""Positive Changes from the Replication Crisis""",https://forrt.org/positive-changes-replication-crisis/
744a162f256d,"Paper: ""Positive Changes from the Replication Crisis""",https://forrt.org/positive-changes-replication-crisis/
2b52b4cd433f,Replication Research Journal - Advisory Board,http://replicationresearch.org
51182dc82444,Replication Research Journal - Advisory Board,http://replicationresearch.org
a4958c240ac1,Replication Research Journal - Advisory Board,http://replicationresearch.org
09e13afe71e3,Replication Research Journal - Advisory Board,http://replicationresearch.org
027fb5efdc82,Replication Research Journal - Advisory Board,http://replicationresearch.org
37b5cfac8fb2,Replication Research Journal - Advisory Board,http://replicationresearch.org
87d9b9e42927,Replication Research Journal - Advisory Board,http://replicationresearch.org
96cd3ba71e94,Replication Research Journal - Advisory Board,http://replicationresearch.org
746c3f68b8f1,Replication Research Journal - Advisory Board,http://replicationresearch.org
8bc921f8d949,Replication Research Journal - Advisory Board,http://replicationresearch.org
4272de60b28c,Replication Research Journal - Advisory Board,http://replicationresearch.org
fd5cc416963c,Replication Research Journal - Advisory Board,http://replicationresearch.org
ac709e7a55b7,Replication Research Journal - Advisory Board,http://replicationresearch.org
aad8f6da22dc,Replication Research Journal - Advisory Board,http://replicationresearch.org
4230e9794482,Replication Research Journal - Advisory Board,http://replicationresearch.org
9df496574585,Replication Research Journal - Advisory Board,http://replicationresearch.org
a264cc41472a,Replication Research Journal - Advisory Board,http://replicationresearch.org
28c42f2e7ce6,Replication Research Journal - Advisory Board,http://replicationresearch.org
06b417bbb007,Replication Research Journal - Advisory Board,http://replicationresearch.org
14e308d7e02a,Replication Research Journal - Editorial Team,http://replicationresearch.org
9a55d9d1a8db,Replication Research Journal - Editorial Team,http://replicationresearch.org
f3b77452cf09,Replication Research Journal - Editorial Team,http://replicationresearch.org
20aab84e9325,Replication Research Journal - Editorial Team,http://replicationresearch.org
15c7e59c85c4,Replication Research Journal - Editorial Team,http://replicationresearch.org
fb5855dc799b,Replication Research Journal - Editorial Team,http://replicationresearch.org
f9af2e0ff68c,Replication Research Journal - Editorial Team,http://replicationresearch.org
6ab771924f65,Replication Research Journal - Editorial Team,http://replicationresearch.org
d1a5124b1521,Replication Research Journal - Editorial Team,http://replicationresearch.org
debafce1c235,Replication Research Journal - Editorial Team,http://replicationresearch.org
5411f1b8b04a,Replication Research Journal - Editorial Team,http://replicationresearch.org
2dc3fc74db40,Replication Research Journal - Editorial Team,http://replicationresearch.org
72a15ca1e644,Replication Research Journal - Editorial Team,http://replicationresearch.org
06d0b79da0cb,Replication Research Journal - Editorial Team,http://replicationresearch.org
3e3ae30df205,Replication Research Journal - Editorial Team,http://replicationresearch.org
bb20517e5fc0,Replication Research Journal - External Member,http://replicationresearch.org
c4edc46394ea,Replication Research Journal - External Member,http://replicationresearch.org
17477740110d,Replication Research Journal - External Member,http://replicationresearch.org
09e13afe71e3,Replication Research Journal - External Member,http://replicationresearch.org
f4e12b047c2e,Replication Research Journal - External Member,http://replicationresearch.org
ba20182d1b9a,Replication Research Journal - External Member,http://replicationresearch.org
d23c5694affb,Replication Research Journal - External Member,http://replicationresearch.org
5dd638edd6ed,Replication Research Journal - External Member,http://replicationresearch.org
9df496574585,Replication Research Journal - External Member,http://replicationresearch.org
427e04e5a78f,Replication Research Journal - External Member,http://replicationresearch.org
4272de60b28c,Replication Research Journal - External Member,http://replicationresearch.org
ac709e7a55b7,Replication Research Journal - External Member,http://replicationresearch.org
a1a94dcdb5ca,Replication Research Journal - External Member,http://replicationresearch.org
ba20182d1b9a,Reversals & Replications,https://forrt.org/reversals/
06d0b79da0cb,Reversals & Replications,https://forrt.org/reversals/
14e308d7e02a,Reversals & Replications,https://forrt.org/reversals/
9a55d9d1a8db,Reversals & Replications,https://forrt.org/reversals/
c77160a524c6,Reversals & Replications,https://forrt.org/reversals/
0a43c7fde1f4,Reversals & Replications,https://forrt.org/reversals/
fea57df88f45,Reversals & Replications,https://forrt.org/reversals/
80b9225f55c4,Reversals & Replications,https://forrt.org/reversals/
73b6234f125f,Reversals & Replications,https://forrt.org/reversals/
c0dbf61d34e6,Reversals & Replications,https://forrt.org/reversals/
6ffce22349c8,Reversals & Replications,https://forrt.org/reversals/
fd7a45660f8c,Reversals & Replications,https://forrt.org/reversals/
acb42c287b77,Reversals & Replications,https://forrt.org/reversals/
e4e7ca8b1854,Reversals & Replications,https://forrt.org/reversals/
e5df8e86c03a,Reversals & Replications,https://forrt.org/reversals/
6ae3a444ce13,Reversals & Replications,https://forrt.org/reversals/
412913a625f5,Reversals & Replications,https://forrt.org/reversals/
e8790338c49e,Reversals & Replications,https://forrt.org/reversals/
b3804fd87ee6,Reversals & Replications,https://forrt.org/reversals/
949e2b88b786,Reversals & Replications,https://forrt.org/reversals/
2c3203776965,Reversals & Replications,https://forrt.org/reversals/
20aab84e9325,Reversals & Replications,https://forrt.org/reversals/
db7a75a1b2bd,Reversals & Replications,https://forrt.org/reversals/
ae93d118554a,Reversals & Replications,https://forrt.org/reversals/
f4e12b047c2e,Reversals & Replications,https://forrt.org/reversals/
1fa7e9b30cf6,Reversals & Replications,https://forrt.org/reversals/
89328d7cd14d,Reversals & Replications,https://forrt.org/reversals/
d9964f3f5d15,Reversals & Replications,https://forrt.org/reversals/
b4ca225bac19,Reversals & Replications,https://forrt.org/reversals/
f46b22a8e576,Reversals & Replications,https://forrt.org/reversals/
1d43d26bba0f,Reversals & Replications,https://forrt.org/reversals/
b1715e6d7b67,Reversals & Replications,https://forrt.org/reversals/
628fd73c8290,Reversals & Replications,https://forrt.org/reversals/
8feea8860b01,Reversals & Replications,https://forrt.org/reversals/
0626d6cf1a6c,Reversals & Replications,https://forrt.org/reversals/
e16e64456711,Reversals & Replications,https://forrt.org/reversals/
cca6a6472327,Reversals & Replications,https://forrt.org/reversals/
8ffa3d72d112,Reversals & Replications,https://forrt.org/reversals/
2c8028225e0c,Reversals & Replications,https://forrt.org/reversals/
cb704fcee0bf,Reversals & Replications,https://forrt.org/reversals/
3c1efacd84ed,Reversals & Replications,https://forrt.org/reversals/
b8a6b36c04e0,Reversals & Replications,https://forrt.org/reversals/
e11f5478b3d1,Reversals & Replications,https://forrt.org/reversals/
8035bfc9ded8,Reversals & Replications,https://forrt.org/reversals/
d071bbe1914b,Reversals & Replications,https://forrt.org/reversals/
70f5d5ab2ea7,Reversals & Replications,https://forrt.org/reversals/
5c1147e75a39,Reversals & Replications,https://forrt.org/reversals/
d6528f94b003,Reversals & Replications,https://forrt.org/reversals/
b14416ef200d,Reversals & Replications,https://forrt.org/reversals/
edcaabc3ea6a,Reversals & Replications,https://forrt.org/reversals/
1068ba08e04c,Reversals & Replications,https://forrt.org/reversals/
d9bf26e194fc,Reversals & Replications,https://forrt.org/reversals/
e36fd6a3a4d0,Reversals & Replications,https://forrt.org/reversals/
8867725432b2,Reversals & Replications,https://forrt.org/reversals/
d485e62a63c4,Reversals & Replications,https://forrt.org/reversals/
a8485262f4f1,Reversals & Replications,https://forrt.org/reversals/
f532dc231ccd,Reversals & Replications,https://forrt.org/reversals/
2b5bf7f93343,Reversals & Replications,https://forrt.org/reversals/
79e9dd2abdc7,Reversals & Replications,https://forrt.org/reversals/
80e49d18500e,Reversals & Replications,https://forrt.org/reversals/
8073e243b657,Reversals & Replications,https://forrt.org/reversals/
d7a469e48170,Reversals & Replications,https://forrt.org/reversals/
3b6f47598005,Reversals & Replications,https://forrt.org/reversals/
47aff4859f9a,Reversals & Replications,https://forrt.org/reversals/
67693e3b4e4c,Reversals & Replications,https://forrt.org/reversals/
46fa51af519d,Reversals & Replications,https://forrt.org/reversals/
989afc40fac3,Reversals & Replications,https://forrt.org/reversals/
b364758d9a2f,Reversals & Replications,https://forrt.org/reversals/
eeb5543e8769,Reversals & Replications,https://forrt.org/reversals/
8812199e466c,Reversals & Replications,https://forrt.org/reversals/
7254243f56c9,Reversals & Replications,https://forrt.org/reversals/
91463b54678b,Reversals & Replications,https://forrt.org/reversals/
6026b01e366d,Reversals & Replications,https://forrt.org/reversals/
e67a2108dc7d,Reversals & Replications,https://forrt.org/reversals/
ee9f0b880883,Reversals & Replications,https://forrt.org/reversals/
5411f1b8b04a,Reversals & Replications,https://forrt.org/reversals/
fc8c5796816c,Reversals & Replications,https://forrt.org/reversals/
ffd966a28de7,Reversals & Replications,https://forrt.org/reversals/
dee3a79bba3d,Reversals & Replications,https://forrt.org/reversals/
1ede1eeeb48c,Reversals & Replications,https://forrt.org/reversals/
caa61f0c6443,Reversals & Replications,https://forrt.org/reversals/
4bee7a518079,Reversals & Replications,https://forrt.org/reversals/
d371698de408,Reversals & Replications,https://forrt.org/reversals/
578bff15166a,Reversals & Replications,https://forrt.org/reversals/
09c1f9f2617e,Reversals & Replications,https://forrt.org/reversals/
f12902645acd,Reversals & Replications,https://forrt.org/reversals/
cbdbac544d66,Reversals & Replications,https://forrt.org/reversals/
a2de32682ed5,Reversals & Replications,https://forrt.org/reversals/
cca6a6472327,Summaries,https://forrt.org/summaries/
b14416ef200d,Summaries,https://forrt.org/summaries/
06d0b79da0cb,Summaries,https://forrt.org/summaries/
0a43c7fde1f4,Summaries,https://forrt.org/summaries/
20aab84e9325,Summaries,https://forrt.org/summaries/
6026b01e366d,Summaries,https://forrt.org/summaries/
e67a2108dc7d,Summaries,https://forrt.org/summaries/
99937b966080,Summaries,https://forrt.org/summaries/
949e2b88b786,Summaries,https://forrt.org/summaries/
5101fbba8637,Summaries,https://forrt.org/summaries/
bca654e0e674,Summaries,https://forrt.org/summaries/
a17d804fa128,Summaries,https://forrt.org/summaries/
f46b22a8e576,Summaries,https://forrt.org/summaries/
eeb5543e8769,Summaries,https://forrt.org/summaries/
aeba181d0d4c,Summaries,https://forrt.org/summaries/
fd7a45660f8c,Summaries,https://forrt.org/summaries/
1d43d26bba0f,Summaries,https://forrt.org/summaries/
d9bf26e194fc,Summaries,https://forrt.org/summaries/
6433a08abff2,Summaries,https://forrt.org/summaries/
bca654e0e674,Summaries,https://forrt.org/summaries/
b4ca225bac19,Summaries,https://forrt.org/summaries/
1a8126d37c6b,Summaries,https://forrt.org/summaries/
73acb0bb1d5e,Summaries,https://forrt.org/summaries/
bbed368925fe,Summaries,https://forrt.org/summaries/
842f4b32ea31,Summaries,https://forrt.org/summaries/
5b3a2273959d,Summaries,https://forrt.org/summaries/
04a74276696c,Summaries,https://forrt.org/summaries/
928741f09797,Summaries,https://forrt.org/summaries/
73ccf0908772,Summaries,https://forrt.org/summaries/
0e3b46e128fd,Team Cohesion,
06d0b79da0cb,Team Cohesion,
99937b966080,Team Cohesion,
8f8e0a58c822,Team Cohesion,
5411f1b8b04a,Team Credit,https://forrt.org/contributors/
06d0b79da0cb,Team Credit,https://forrt.org/contributors/
5101fbba8637,Team Credit,https://forrt.org/contributors/
9a55d9d1a8db,Team Credit,https://forrt.org/contributors/
59da1275ab56,Team Credit,https://forrt.org/contributors/
0a43c7fde1f4,Team Credit,https://forrt.org/contributors/
4c39fe4e2194,Team Credit,https://forrt.org/contributors/
f3b77452cf09,Team Credit,https://forrt.org/contributors/
64450b32ee19,Team Credit,https://forrt.org/contributors/
74146d3f90db,Team Credit,https://forrt.org/contributors/
2031ef983dc1,Team Credit,https://forrt.org/contributors/
b69972d0940b,Team Credit,https://forrt.org/contributors/
e133cfbc5718,Team Credit,https://forrt.org/contributors/
8f8e0a58c822,Team Curations,https://forrt.org/resources/
06d0b79da0cb,Team Curations,https://forrt.org/resources/
b14416ef200d,Team Curations,https://forrt.org/resources/
9a55d9d1a8db,Team Curations,https://forrt.org/resources/
98c1af03e2e4,Team Curations,https://forrt.org/resources/
7aa7c6782848,Team Curations,https://forrt.org/resources/
4c39fe4e2194,Team Curations,https://forrt.org/resources/
14e308d7e02a,Team Curations,https://forrt.org/resources/
59da1275ab56,Team Curations,https://forrt.org/resources/
0e3b46e128fd,Team Curations,https://forrt.org/resources/
bdcb38dc66d9,Team Einstein 2022,
0a43c7fde1f4,Team Einstein 2022,
ba20182d1b9a,Team Einstein 2022,
06d0b79da0cb,Team Einstein 2022,
262602ebca73,Team Einstein 2022,
14e308d7e02a,Team Einstein 2023,
9a55d9d1a8db,Team Einstein 2023,
ba20182d1b9a,Team Einstein 2023,
06d0b79da0cb,Team Einstein 2023,
b14416ef200d,Team Einstein 2023,
b52141f71f6b,Team Einstein 2025,
06d0b79da0cb,Team Einstein 2025,
8f8e0a58c822,Team Einstein 2025,
14e308d7e02a,Team Einstein 2025,
9a55d9d1a8db,Team Einstein 2025,
0e3b46e128fd,Team Einstein 2025,
5101fbba8637,Team Einstein 2025,
9a55d9d1a8db,Team Ideas,
ba20182d1b9a,Team Ideas,
06d0b79da0cb,Team Ideas,
b14416ef200d,Team Ideas,
8f8e0a58c822,Team Ideas,
0e3b46e128fd,Team Ideas,
0e3b46e128fd,Team Outreach,
b14416ef200d,Team Outreach,
994e32715336,Team Outreach,
61f4650ce66f,Team Outreach,
f532dc231ccd,Team Outreach,
31cc356d34a5,Team Outreach,
8ea43a3a7db2,Team Outreach,
ba20182d1b9a,Team Outreach,
fea57df88f45,Team Outreach,
989afc40fac3,Team Outreach,
4c5e5146a247,Team Outreach,
adfa59da2ccd,Team Outreach,
9a55d9d1a8db,Team Website,https://forrt.org/
4bee7a518079,Team Website,https://forrt.org/
994e32715336,Team Website,https://forrt.org/
48acad72f7d8,Team Website,https://forrt.org/
a2de32682ed5,Team Website,https://forrt.org/
06d0b79da0cb,Team Website,https://forrt.org/
b081cdafd83e,Team Website,https://forrt.org/
7fb822b8d657,Team Website,https://forrt.org/
64450b32ee19,Team Website,https://forrt.org/
06d0b79da0cb,UNESCO/UN Application,
960483823fea,International Coordination Action Research Foundation - Flanders grant,
d2cdef276bbc,International Coordination Action Research Foundation - Flanders grant,
67693e3b4e4c,International Coordination Action Research Foundation - Flanders grant,
2031ef983dc1,International Coordination Action Research Foundation - Flanders grant,
bdebebdf5250,International Coordination Action Research Foundation - Flanders grant,
5411f1b8b04a,International Coordination Action Research Foundation - Flanders grant,
5411f1b8b04a,FORRTifying Open Science in The Netherlands: Grant,
14e308d7e02a,Pubpeer RepNote,
06d0b79da0cb,Pubpeer RepNote,
9a55d9d1a8db,Pubpeer RepNote,
6de604913739,Pubpeer RepNote,
1a3074455fd9,Pubpeer RepNote,
05a341f76075,Pubpeer RepNote,
14e308d7e02a,FORRT Lighthouse,https://www.lighthouse.forrt.org/
06d0b79da0cb,FORRT Lighthouse,https://www.lighthouse.forrt.org/
9a55d9d1a8db,FORRT Lighthouse,https://www.lighthouse.forrt.org/
64450b32ee19,FORRT Lighthouse,https://www.lighthouse.forrt.org/
e5d3c83f8800,FORRT Lighthouse,https://www.lighthouse.forrt.org/
18964b3ab0e5,FORRT Lighthouse,https://www.lighthouse.forrt.org/
14e308d7e02a,FLoRA Extractor,
06d0b79da0cb,FLoRA Extractor,
9a55d9d1a8db,FLoRA Extractor,
e2732464c91a,FLoRA Extractor,
84c2dba6cba6,FLoRA Extractor,
4b2f098b3d7c,FLoRA Extractor,
4df01bbda97e,FLoRA Extractor,
d2eb9b69c4b1,FLoRA Extractor,
14e308d7e02a,Replication Tracker Chromium Plugin,
06d0b79da0cb,Replication Tracker Chromium Plugin,
9a55d9d1a8db,Replication Tracker Chromium Plugin,
9f363719d8bf,Replication Tracker Chromium Plugin,
fb464a00d927,Replication Tracker Chromium Plugin,
14e308d7e02a,FORRT Replication Databases (FReD and FLoRA),https://forrt.org/flora
9a55d9d1a8db,FORRT Replication Databases (FReD and FLoRA),https://forrt.org/flora
ba20182d1b9a,FORRT Replication Databases (FReD and FLoRA),https://forrt.org/flora
b52141f71f6b,FORRT Replication Databases (FReD and FLoRA),https://forrt.org/flora
50b44996334f,FORRT Replication Databases (FReD and FLoRA),https://forrt.org/flora
c77160a524c6,FORRT Replication Databases (FReD and FLoRA),https://forrt.org/flora
0a43c7fde1f4,FORRT Replication Databases (FReD and FLoRA),https://forrt.org/flora
fea57df88f45,FORRT Replication Databases (FReD and FLoRA),https://forrt.org/flora
80b9225f55c4,FORRT Replication Databases (FReD and FLoRA),https://forrt.org/flora
e36fd6a3a4d0,FORRT Replication Databases (FReD and FLoRA),https://forrt.org/flora
e5d3c83f8800,FORRT Replication Databases (FReD and FLoRA),https://forrt.org/flora
73b6234f125f,FORRT Replication Databases (FReD and FLoRA),https://forrt.org/flora
ffd966a28de7,FORRT Replication Databases (FReD and FLoRA),https://forrt.org/flora
09c1f9f2617e,FORRT Replication Databases (FReD and FLoRA),https://forrt.org/flora
833e0c729147,FORRT Replication Databases (FReD and FLoRA),https://forrt.org/flora
c0dbf61d34e6,FORRT Replication Databases (FReD and FLoRA),https://forrt.org/flora
6026b01e366d,FORRT Replication Databases (FReD and FLoRA),https://forrt.org/flora
caa61f0c6443,FORRT Replication Databases (FReD and FLoRA),https://forrt.org/flora
e67a2108dc7d,FORRT Replication Databases (FReD and FLoRA),https://forrt.org/flora
fd7a45660f8c,FORRT Replication Databases (FReD and FLoRA),https://forrt.org/flora
3ff6107e2a30,FORRT Replication Databases (FReD and FLoRA),https://forrt.org/flora
acb42c287b77,FORRT Replication Databases (FReD and FLoRA),https://forrt.org/flora
e4e7ca8b1854,FORRT Replication Databases (FReD and FLoRA),https://forrt.org/flora
928741f09797,FORRT Replication Databases (FReD and FLoRA),https://forrt.org/flora
ae8c1c4ba221,FORRT Replication Databases (FReD and FLoRA),https://forrt.org/flora
56769768a52f,FORRT Replication Databases (FReD and FLoRA),https://forrt.org/flora
d34d783a30d8,FORRT Replication Databases (FReD and FLoRA),https://forrt.org/flora
e5df8e86c03a,FORRT Replication Databases (FReD and FLoRA),https://forrt.org/flora
6ae3a444ce13,FORRT Replication Databases (FReD and FLoRA),https://forrt.org/flora
412913a625f5,FORRT Replication Databases (FReD and FLoRA),https://forrt.org/flora
8254b0b67691,FORRT Replication Databases (FReD and FLoRA),https://forrt.org/flora
e8790338c49e,FORRT Replication Databases (FReD and FLoRA),https://forrt.org/flora
b3804fd87ee6,FORRT Replication Databases (FReD and FLoRA),https://forrt.org/flora
8f8944f2777c,FORRT Replication Databases (FReD and FLoRA),https://forrt.org/flora
1b090beac4fb,FORRT Replication Databases (FReD and FLoRA),https://forrt.org/flora
f14e3fb0182c,FORRT Replication Databases (FReD and FLoRA),https://forrt.org/flora
949e2b88b786,FORRT Replication Databases (FReD and FLoRA),https://forrt.org/flora
2c3203776965,FORRT Replication Databases (FReD and FLoRA),https://forrt.org/flora
0d759c8a6ce6,FORRT Replication Databases (FReD and FLoRA),https://forrt.org/flora
578bff15166a,FORRT Replication Databases (FReD and FLoRA),https://forrt.org/flora
20aab84e9325,FORRT Replication Databases (FReD and FLoRA),https://forrt.org/flora
db7a75a1b2bd,FORRT Replication Databases (FReD and FLoRA),https://forrt.org/flora
ae93d118554a,FORRT Replication Databases (FReD and FLoRA),https://forrt.org/flora
f4e12b047c2e,FORRT Replication Databases (FReD and FLoRA),https://forrt.org/flora
1fa7e9b30cf6,FORRT Replication Databases (FReD and FLoRA),https://forrt.org/flora
89328d7cd14d,FORRT Replication Databases (FReD and FLoRA),https://forrt.org/flora
d9964f3f5d15,FORRT Replication Databases (FReD and FLoRA),https://forrt.org/flora
56677096ca97,FORRT Replication Databases (FReD and FLoRA),https://forrt.org/flora
0bbd644708d6,FORRT Replication Databases (FReD and FLoRA),https://forrt.org/flora
b4ca225bac19,FORRT Replication Databases (FReD and FLoRA),https://forrt.org/flora
f46b22a8e576,FORRT Replication Databases (FReD and FLoRA),https://forrt.org/flora
ee9f0b880883,FORRT Replication Databases (FReD and FLoRA),https://forrt.org/flora
1d43d26bba0f,FORRT Replication Databases (FReD and FLoRA),https://forrt.org/flora
4bee7a518079,FORRT Replication Databases (FReD and FLoRA),https://forrt.org/flora
b1715e6d7b67,FORRT Replication Databases (FReD and FLoRA),https://forrt.org/flora
fd486698fe09,FORRT Replication Databases (FReD and FLoRA),https://forrt.org/flora
628fd73c8290,FORRT Replication Databases (FReD and FLoRA),https://forrt.org/flora
73fa07502bfe,FORRT Replication Databases (FReD and FLoRA),https://forrt.org/flora
e0448b2d3858,FORRT Replication Databases (FReD and FLoRA),https://forrt.org/flora
34409dee82e3,FORRT Replication Databases (FReD and FLoRA),https://forrt.org/flora
8feea8860b01,FORRT Replication Databases (FReD and FLoRA),https://forrt.org/flora
0626d6cf1a6c,FORRT Replication Databases (FReD and FLoRA),https://forrt.org/flora
a7ed7ee1d787,FORRT Replication Databases (FReD and FLoRA),https://forrt.org/flora
e16e64456711,FORRT Replication Databases (FReD and FLoRA),https://forrt.org/flora
91463b54678b,FORRT Replication Databases (FReD and FLoRA),https://forrt.org/flora
cca6a6472327,FORRT Replication Databases (FReD and FLoRA),https://forrt.org/flora
8ffa3d72d112,FORRT Replication Databases (FReD and FLoRA),https://forrt.org/flora
2c8028225e0c,FORRT Replication Databases (FReD and FLoRA),https://forrt.org/flora
cb704fcee0bf,FORRT Replication Databases (FReD and FLoRA),https://forrt.org/flora
7d5a556dd22e,FORRT Replication Databases (FReD and FLoRA),https://forrt.org/flora
3c1efacd84ed,FORRT Replication Databases (FReD and FLoRA),https://forrt.org/flora
b8a6b36c04e0,FORRT Replication Databases (FReD and FLoRA),https://forrt.org/flora
e11f5478b3d1,FORRT Replication Databases (FReD and FLoRA),https://forrt.org/flora
ac2cbe530235,FORRT Replication Databases (FReD and FLoRA),https://forrt.org/flora
72a15ca1e644,FORRT Replication Databases (FReD and FLoRA),https://forrt.org/flora
219cc27e0bc0,FORRT Replication Databases (FReD and FLoRA),https://forrt.org/flora
8035bfc9ded8,FORRT Replication Databases (FReD and FLoRA),https://forrt.org/flora
d371698de408,FORRT Replication Databases (FReD and FLoRA),https://forrt.org/flora
d071bbe1914b,FORRT Replication Databases (FReD and FLoRA),https://forrt.org/flora
8812199e466c,FORRT Replication Databases (FReD and FLoRA),https://forrt.org/flora
70f5d5ab2ea7,FORRT Replication Databases (FReD and FLoRA),https://forrt.org/flora
5c1147e75a39,FORRT Replication Databases (FReD and FLoRA),https://forrt.org/flora
8a861144d414,FORRT Replication Databases (FReD and FLoRA),https://forrt.org/flora
f12902645acd,FORRT Replication Databases (FReD and FLoRA),https://forrt.org/flora
6433a08abff2,FORRT Replication Databases (FReD and FLoRA),https://forrt.org/flora
f12c5074be9a,FORRT Replication Databases (FReD and FLoRA),https://forrt.org/flora
945c4653ed7b,FORRT Replication Databases (FReD and FLoRA),https://forrt.org/flora
fc8c5796816c,FORRT Replication Databases (FReD and FLoRA),https://forrt.org/flora
d6528f94b003,FORRT Replication Databases (FReD and FLoRA),https://forrt.org/flora
b14416ef200d,FORRT Replication Databases (FReD and FLoRA),https://forrt.org/flora
7254243f56c9,FORRT Replication Databases (FReD and FLoRA),https://forrt.org/flora
edcaabc3ea6a,FORRT Replication Databases (FReD and FLoRA),https://forrt.org/flora
1068ba08e04c,FORRT Replication Databases (FReD and FLoRA),https://forrt.org/flora
f96af2bafccf,FORRT Replication Databases (FReD and FLoRA),https://forrt.org/flora
28d868a43cde,FORRT Replication Databases (FReD and FLoRA),https://forrt.org/flora
c9218dd86b4e,FORRT Replication Databases (FReD and FLoRA),https://forrt.org/flora
1ede1eeeb48c,FORRT Replication Databases (FReD and FLoRA),https://forrt.org/flora
2d498f67f673,FORRT Replication Databases (FReD and FLoRA),https://forrt.org/flora
18ff8233ad7f,FORRT Replication Databases (FReD and FLoRA),https://forrt.org/flora
d9bf26e194fc,FORRT Replication Databases (FReD and FLoRA),https://forrt.org/flora
93810b38b6f3,FORRT Replication Databases (FReD and FLoRA),https://forrt.org/flora
a2de32682ed5,FORRT Replication Databases (FReD and FLoRA),https://forrt.org/flora
d4b50eafe2fb,FORRT Replication Databases (FReD and FLoRA),https://forrt.org/flora
b8c54104df6d,FORRT Replication Databases (FReD and FLoRA),https://forrt.org/flora
8867725432b2,FORRT Replication Databases (FReD and FLoRA),https://forrt.org/flora
d485e62a63c4,FORRT Replication Databases (FReD and FLoRA),https://forrt.org/flora
f58bdf9130de,FORRT Replication Databases (FReD and FLoRA),https://forrt.org/flora
a8485262f4f1,FORRT Replication Databases (FReD and FLoRA),https://forrt.org/flora
f532dc231ccd,FORRT Replication Databases (FReD and FLoRA),https://forrt.org/flora
1978b03fff97,FORRT Replication Databases (FReD and FLoRA),https://forrt.org/flora
9f4b2646014a,FORRT Replication Databases (FReD and FLoRA),https://forrt.org/flora
9ee5bb9274cb,FORRT Replication Databases (FReD and FLoRA),https://forrt.org/flora
61af427308f2,FORRT Replication Databases (FReD and FLoRA),https://forrt.org/flora
dee3a79bba3d,FORRT Replication Databases (FReD and FLoRA),https://forrt.org/flora
2b5bf7f93343,FORRT Replication Databases (FReD and FLoRA),https://forrt.org/flora
5f4a57f6c757,FORRT Replication Databases (FReD and FLoRA),https://forrt.org/flora
79e9dd2abdc7,FORRT Replication Databases (FReD and FLoRA),https://forrt.org/flora
02aa4ea465d9,FORRT Replication Databases (FReD and FLoRA),https://forrt.org/flora
02f15d4aa458,FORRT Replication Databases (FReD and FLoRA),https://forrt.org/flora
80e49d18500e,FORRT Replication Databases (FReD and FLoRA),https://forrt.org/flora
7aa7c6782848,FORRT Replication Databases (FReD and FLoRA),https://forrt.org/flora
8073e243b657,FORRT Replication Databases (FReD and FLoRA),https://forrt.org/flora
d7a469e48170,FORRT Replication Databases (FReD and FLoRA),https://forrt.org/flora
2c72eca2fdea,FORRT Replication Databases (FReD and FLoRA),https://forrt.org/flora
a3bd31c532e8,FORRT Replication Databases (FReD and FLoRA),https://forrt.org/flora
3b6f47598005,FORRT Replication Databases (FReD and FLoRA),https://forrt.org/flora
3a94e8c8a45c,FORRT Replication Databases (FReD and FLoRA),https://forrt.org/flora
47aff4859f9a,FORRT Replication Databases (FReD and FLoRA),https://forrt.org/flora
67693e3b4e4c,FORRT Replication Databases (FReD and FLoRA),https://forrt.org/flora
46fa51af519d,FORRT Replication Databases (FReD and FLoRA),https://forrt.org/flora
5411f1b8b04a,FORRT Replication Databases (FReD and FLoRA),https://forrt.org/flora
26e715d1c6a2,FORRT Replication Databases (FReD and FLoRA),https://forrt.org/flora
989afc40fac3,FORRT Replication Databases (FReD and FLoRA),https://forrt.org/flora
b364758d9a2f,FORRT Replication Databases (FReD and FLoRA),https://forrt.org/flora
73fc985eeefe,FORRT Replication Databases (FReD and FLoRA),https://forrt.org/flora
eeb5543e8769,FORRT Replication Databases (FReD and FLoRA),https://forrt.org/flora
cbdbac544d66,FORRT Replication Databases (FReD and FLoRA),https://forrt.org/flora
b69972d0940b,FORRT Replication Databases (FReD and FLoRA),https://forrt.org/flora
6de604913739,FORRT Replication Databases (FReD and FLoRA),https://forrt.org/flora
aa67ad852b7e,FORRT Replication Databases (FReD and FLoRA),https://forrt.org/flora
8bbfbc587f0a,FORRT Replication Databases (FReD and FLoRA),https://forrt.org/flora
cc8282135519,FORRT Replication Databases (FReD and FLoRA),https://forrt.org/flora
03bf8cdc7c74,FORRT Replication Databases (FReD and FLoRA),https://forrt.org/flora
06d0b79da0cb,FORRT Replication Databases (FReD and FLoRA),https://forrt.org/flora
