person_id,orcid,first_name,middle_name,surname,n_projects
020045890d23,0000-0001-6030-4207,Jeffrey,,Lees,1
027fb5efdc82,0000-0002-7551-4378,Michael,C,Frank,1
02aa4ea465d9,0000-0002-5585-9539,Julia Fabienne,,Sandkühler,1
02f15d4aa458,0000-0002-7876-0101,Alejandro,,Sandoval-Lentisco,1
03aa01c8233c,0000-0003-4553-0542,Samiul,,Hossain,2
03bf8cdc7c74,0000-0003-3953-1418,Nathan,Dang,Nguyen,1
046ad4dc94a3,0000-0002-4783-792X,Isaac,T,Thornton,1
04a74276696c,0000-0002-8337-5822,Amanda,Mae,Woodward,2
05276ee1c91b,0000-0003-4915-1785,Heather,,Urry,1
05a341f76075,0000-0002-0410-6254,Ze,,Freeman,1
05a5f48672e6,0000-0001-6038-6142,Yuichi,,Shoda,1
05a60723b80d,0000-0002-9114-9323,Pooja,,Kulkarni,1
0626d6cf1a6c,0000-0003-3604-4155,Hirotaka,,Imada,2
0688d08defaf,0000-0002-0978-9496,Justin,,Sulik,2
06b417bbb007,0000-0002-9866-0239,Jeroen,,Sondervan,1
06c36cc495e0,0000-0002-4252-4668,Larrie,Rabelo,Laporte,1
06d0b79da0cb,0000-0001-9000-8513,Flavio,,Azevedo,58
06f528643d90,0009-0000-1007-6517,Madelief,,van der Velden,2
08401dc33c5a,0000-0003-3599-1580,Matt,,Jaquiery,1
08ad72f96961,0000-0003-1194-0113,Sarah,Ann,Sauve,4
08bfc2750e5c,0000-0001-6243-104X,Ruslana,,Margova,1
08cad534d85c,0000-0003-0130-6602,Leal,,Oburoglu,1
09c1f9f2617e,0000-0002-8808-2439,Nadia,,Adelina,2
09e13afe71e3,0000-0002-6875-8083,Tobias,,Dienlin,2
0a0c61be81e2,0000-0003-2697-9635,Ana,,Todorovic,1
0a43c7fde1f4,0000-0002-0540-3998,Mahmoud,M,Elsherif,23
0b155fc5a493,0000-0002-1490-4903,Eduarda,,Centeno,1
0bbd644708d6,0000-0001-6322-4392,Oliver,,Genschow,1
0ca2f7cee40d,0000-0002-9129-0415,Amélie,,Bret,1
0cc1ee9bf7d6,0000-0003-0853-5272,Theofilos,,Gkinopoulos,1
0d1716fee803,0000-0001-9670-8510,Michael,,Franke,2
0d759c8a6ce6,0000-0002-5761-8536,Tsvetomira,,Dumbalska,2
0d9d1b7b4418,0000-0002-6135-1379,Frankie,T. K.,Fong,1
0da1012bc54d,0000-0002-4107-8280,Hussain,Mohammed,Alzubaidi,1
0dd2190ae78c,0009-0004-5454-9514,Eliska,,Blazek,1
0e3b46e128fd,0000-0002-0420-2342,Kelly,E,Lloyd,7
0e5898e310e0,0000-0002-1826-2274,Joeri,K.,Tijdink,1
0f1127453a12,0000-0002-2076-5348,Myrthe,,Vel Tromp,2
1068ba08e04c,0000-0002-6316-5502,Kellen,,Mrkva,2
113df9f767ce,0000-0001-5627-7007,Nikita,,Ghodke,1
1173fb182787,0000-0001-5616-2680,Obrad,,Vučkovac,1
138c7b8e640b,0000-0002-0675-5215,Magdalena,,Grose-Hodge,2
14e308d7e02a,0000-0002-6446-1901,Lukas,,Röseler,19
15c7e59c85c4,0000-0003-3087-1002,Janik,,Goltermann,2
16085a462623,0000-0003-2444-6982,Rafael,Valdece Sousa,Bastos,1
16d70b26bd38,0000-0003-1501-4846,Tina,B,Lonsdorf,2
17477740110d,0000-0002-6456-5735,Rickard,,Carlsson,1
17d3e1340e1d,0000-0002-8088-4007,Amanda,,Moehring,1
18964b3ab0e5,0009-0006-3380-2458,Priti,,Chahal,1
18ff8233ad7f,0000-0001-9818-4642,Nikita,,Otstavnov,1
19105ceb5f96,0000-0003-2209-4311,Shuxian,,Jin,1
1978b03fff97,0000-0002-3024-3535,Katarzyna,,Pypno-Blajda,1
1a1f21d2a13b,0000-0001-5882-3200,Sebastian,,Ocklenburg,1
1a3074455fd9,0000-0002-8599-9241,Subramanya Prasad,,Chandrashekar,1
1a45d33fff14,0000-0003-0507-9590,Awatif,K.,Alruwaili,1
1a8126d37c6b,0000-0002-6079-9323,Graham,,Reid,2
1b090beac4fb,0000-0002-9641-4157,Oliver,,Deane,1
1c5f4bcd7f29,0000-0001-6049-6851,Quinnehtukqut,,McLamore,1
1c6b6752b0a2,0000-0002-6196-4191,Pasquale,,Pellegrini,1
1d43d26bba0f,0000-0002-1144-7970,Christopher,J.,Graham,8
1e3e457449f0,0009-0003-0557-4089,Cathy,,Fang,1
1ede1eeeb48c,0000-0002-4585-2149,Aoife,,O'Mahony,8
1fa7e9b30cf6,0000-0001-8324-2715,Adrien,A,Fillon,3
1fae0e29d5c0,0000-0003-1601-2439,Jamie,,Chan,1
2031ef983dc1,0009-0007-6938-6190,Willem Jacob,,Louter,2
208923c64cc1,0000-0002-2945-3279,Ciara,,Egan,1
20aab84e9325,0000-0002-6670-0718,Thomas,Rhys,Evans,16
210877301fe1,0000-0001-7874-1261,Sarahanne,M.,Field,1
219cc27e0bc0,0009-0008-5585-0324,Radoslaw,P.,Lach,1
24e0922d3648,0000-0002-5873-503X,Kerry,,Fox,1
250bd9957069,0000-0003-0472-915X,Filip,,Děchtěrenko,3
254c5caacabd,0000-0002-7503-5131,Hu,,Chuan-Peng,2
262602ebca73,0000-0002-2363-4757,Annalisa,,Myer,2
263b19c75585,0000-0001-9484-632X,Daniel,J.,Cox,1
26c8cd4faa3a,0000-0002-1784-2920,Anne,,Fouilloux,1
26e715d1c6a2,0000-0001-8734-9026,Sophia,,Wingen,1
277ff213fcd4,0000-0003-1578-3098,Kai,,Krautter,3
2892fb4fe101,0000-0003-3844-3117,Brendan,,Williams,1
28c42f2e7ce6,0000-0003-2869-0085,Alex,,Holcombe,1
28d00ccfdb82,0000-0001-8921-4547,Ymke,,de Bruijn,1
28d868a43cde,0009-0009-9720-4141,Jiří,,Nádvorník,1
2b37d89b2d25,0000-0002-9795-4104,Andrew,J.,Stewart,2
2b52b4cd433f,0000-0001-6566-5060,Susann,,Auer,1
2b5bf7f93343,0000-0001-7774-3433,Jan,Philipp,Röer,6
2c091a4e4829,0000-0001-6211-8600,‪Agata,,Bochynska,1
2c3203776965,0000-0003-3284-4120,Andis,,Draguns,2
2c72eca2fdea,0000-0002-3238-4331,Maria,,Stogianni,1
2c8028225e0c,0000-0002-5393-7871,Maren,,Klingelhöfer-Jens,2
2cd9e1bf222b,0000-0003-4975-3372,Sonja,,Eisenbeiss,1
2d3174805bd8,0000-0003-2075-7732,Alicja,,Koperska,1
2d498f67f673,0009-0005-5333-2038,Maureen,,Osano,1
2dc3fc74db40,0000-0003-3855-2778,Ingmar,,Visser,1
2f93af160426,0000-0002-7805-184X,Norbert,,Vanek,2
31cc356d34a5,0000-0002-8021-0344,Veronica,,Allen,2
31f74f743e6b,0000-0003-4190-7912,Aidan,G,Cashin,1
33040f7b1e85,0000-0001-9822-3648,Chimezie,O,Amaefule,1
333cbff201d9,0000-0002-9369-6953,Daniel,,Walker,1
334e48247a85,0000-0001-5950-0139,Julia,,Strand,1
336ce9aa9e76,0000-0002-1934-0043,Nadia,Saraí,Corral-Frías,1
34409dee82e3,0000-0001-8906-7559,Ian,,Hussey,1
345e48df0daa,0000-0001-9247-9781,Zoltan,,Kekecs,1
34ff7e8a7b3c,0000-0002-1588-7527,Rink,,Hoekstra,2
36da21bf8437,0000-0002-4088-8476,Carl,Michael,Galang,2
379e460b70de,0000-0003-1462-5346,Ahlam,Ahmed,Almehmadi,1
37b5cfac8fb2,0000-0003-4737-2349,Sarah,K,McCann,1
3931af1e4b5e,0000-0002-7531-4333,Rachel,,Heyard,1
3a94e8c8a45c,0000-0002-5315-2847,J. Lukas,,Thürmer,1
3b6f47598005,0000-0001-5551-7507,Alvin,W. M.,Tan,2
3c1efacd84ed,0000-0002-6302-0047,Lina,,Koppel,2
3cba3ae09958,0000-0002-2270-2455,Kait,,Clark,2
3d158592dea8,0000-0003-4433-5622,Beatrix,,Arendt,1
3de30473cd4f,0000-0002-7382-6079,Beatrice,,Valentini,1
3e3ae30df205,0000-0001-7697-4512,Karina,,van Dalen-Oskam,1
3ff6107e2a30,0009-0000-6796-9287,Raymond,,Becker,1
40bc4ce8758a,0000-0001-9317-3047,Liangjie,,Chen,1
412913a625f5,0000-0002-5680-9170,Benjamin,,Brummernhenrich,2
4230e9794482,0000-0003-4503-3853,Guido,,Scherp,1
425ea1212508,0000-0002-2467-307X,Ann-Marie,,Creaven,1
4272de60b28c,0000-0003-0095-339X,Priya,,Silverstein,8
427e04e5a78f,0000-0002-8282-3910,Felix,,Schönbrodt,1
43955e0dba71,0000-0002-2976-3330,Cátia,M.,Ferreira de Oliveira,4
44dca673b683,0000-0001-6651-0976,Markus,,Konkol,1
45330b955800,0000-0003-3625-1357,Esther,,Plomp,1
4585492e9dae,0000-0001-8123-5589,Zoe,M,Flack,2
459b2d748998,0000-0001-8420-1245,Dilhan,,Toredi,1
45abc47bb01c,0000-0002-7562-5342,FORRT,,FORRT,2
46fa51af519d,0000-0002-2399-7400,Leigh Ann,,Vaughn,2
47aff4859f9a,0000-0002-2518-6759,Aleksandra,,Tołopiło,2
48041c07ad6c,0000-0002-4466-3426,Saule,,Anafinova,1
48acad72f7d8,0000-0001-5787-9034,Dominik,A,Kiersz,3
4929d240b9e6,0000-0001-8069-0416,Michele,C,Lim,2
49fd7663f351,0000-0001-9050-1471,Marta,,Kowal,1
4a94ecd2c80d,0000-0002-0712-3746,Olmo,R,van den Akker,1
4b0386303cbd,0000-0002-6607-1704,Sa-Kiera,,Hudson,1
4b2f098b3d7c,0000-0003-0928-1139,Eftychia,,Koukouraki,1
4bee7a518079,0000-0001-6990-839X,Samuel,,Guay,6
4c39fe4e2194,0009-0005-6609-5924,Panos,,Vasilikos,3
4c5e5146a247,0000-0001-5906-1789,Connor,T.,Keating,3
4d335ec34a12,0000-0002-3482-6703,Thomas,,Gallagher-Mitchell,2
4d36f558eabf,0000-0003-4407-1487,Gabriela,,Hofer,1
4d9398662e56,0000-0003-1629-3699,Ljiljana,B.,Lazarevic,2
4df01bbda97e,0009-0004-9131-8053,Rohan,,Tondlekar,2
5086ed322c75,0000-0003-2558-7779,Asma,A.,Alzahrani,1
50b44996334f,0009-0002-7471-5116,Sophie,Marie,Schüller,1
5101fbba8637,0009-0001-0917-5398,Emily,,Friedel,7
51182dc82444,0000-0003-2186-1558,Mitja,,Back,1
53172b64b64b,0000-0002-8843-625X,Brendan,,Ch'ng,1
53a4ebfd81a5,0000-0003-2553-1273,Jacob,,Miranda,3
53b6735545b6,0000-0001-6539-5494,Tamara,,Marques,2
53d9ce49a1c1,0000-0002-2937-4183,Amy,,Orben,1
5411f1b8b04a,0000-0002-6778-6744,Steven,,Verheyen,10
5480cef34e47,0000-0002-3326-864X,Dominique,G,Roche,1
552ae1816fc6,0009-0001-1464-4750,Saad,,Almajed,1
56677096ca97,0009-0001-9449-7569,Corinna,,Gemmecke,1
56769768a52f,0009-0007-7743-480X,Ognjen,,Bobičić,1
56f098801e09,0000-0001-9712-9123,Federica,,Stablum,1
578bff15166a,0000-0002-2365-0247,Emir,,Efendic,2
5795ad212b7c,0000-0002-0129-0340,Nina,R.,Schwarzbach,2
57f96ac37521,0000-0003-0024-9861,Elias,,Garcia-Pelegrin,1
581a16f7eb7a,0000-0002-9824-9247,Qinyu,,Xiao,1
5954a0cb9f60,0000-0002-0455-0953,Mary,,DePascale,1
59da1275ab56,0009-0006-8034-0401,Antonia,,Krasteva,6
5b3a2273959d,0009-0000-4079-9927,Jane,,Hergert,1
5c1147e75a39,0000-0001-7338-0567,Dermot,,Lynott,3
5c1dcc59d9b8,0000-0002-0520-6425,Luisa,,Fassi,2
5d852cb1b6e5,0000-0002-8488-0273,Sakshi,,Ghai,2
5dd638edd6ed,0000-0003-4078-3954,Maike,,Richter,1
5eef8065efc5,0000-0003-4511-9008,Iris,,Smal,1
5f4a57f6c757,0009-0007-7544-393X,Jessica,,Röseler,1
5f568c95702d,0000-0002-5030-4091,Don,,van Ravenzwaaij,1
5f8a9fe88661,0000-0002-0337-7159,Jasmin,,Breitwieser,1
5fc811d101fa,0000-0001-5071-0180,Leonardo,,Seda,1
60080d4037e7,0000-0002-7242-9207,Jade,S,Pickering,1
6026830c00e0,0000-0003-4023-6854,Xuejun,Ryan,Ji,1
6026b01e366d,0000-0003-3412-4311,Nihan,,Albayrak,8
6128144f020a,0000-0003-4443-7100,Bruna,,Valério Gomes,1
61af427308f2,0009-0006-2864-4424,Hakile,,Resulbegoviq,2
61afac3565c8,0000-0003-3350-1760,Sarah,S,Almutairi,1
61f4650ce66f,0000-0003-0737-9802,Tugce,,Varol,3
622e660c3be1,0000-0002-3444-000X,Yin,,Wang,1
628fd73c8290,0000-0002-2940-600X,Alina,,Herderich,2
629756e56eb3,0000-0002-5535-7141,Mariella,,Paul,2
6433a08abff2,0000-0002-1912-1764,Daniel,,Manrique-Castano,2
64450b32ee19,0000-0002-1147-4135,Riva,,Quiroga,3
65c9474eeb7a,0000-0001-9717-5568,Susanne,,Vogel,2
65d7cd6133bc,0000-0002-6766-734X,Luiza,Marques Prates,Behrens,1
65e7ec41d6db,0000-0003-0637-7151,Emily,A,Williams,1
66ed55ecb777,0000-0003-1347-8241,Marcelo,Camargo,Batistuzzo,1
670ad8f5645c,0000-0002-2516-9975,Felipe,,Vilanova,1
67693e3b4e4c,0000-0002-5855-3885,Wolf,,Vanpaemel,3
67e6674d387c,0000-0002-1367-2282,Adam,J,Parker,1
68525ad359c4,0000-0002-0806-1081,Emily,,Nordmann,1
693b5c89ffff,0000-0002-8709-6417,Aswathi,,Surendran,1
69c9b2a9ff9b,0000-0001-7089-6103,Amy,,Pearson,1
6a4d5a8e2ac3,0000-0002-9527-1406,Iris,,Žeželj,2
6ab771924f65,0009-0004-1727-9308,Victoria,,Moser,2
6ae3a444ce13,0000-0001-7763-4229,Hilmar,,Brohmer,3
6b70e8c13407,0000-0002-3242-5981,Malika,,Ihle,1
6d69c1a7297e,0009-0008-1341-9456,Cecilia,,Baldoni,1
6de604913739,0000-0001-9911-526X,Josefina,,Weinerova,5
6f8aafdda577,0000-0003-2871-9693,Andre,,Kalmendal,1
6fa6f1b90ae3,0000-0003-3223-4816,David,,Urschler,1
6ffce22349c8,0009-0001-8331-9812,Nora,,Ammann,1
70f5d5ab2ea7,0000-0003-1363-833X,Nigel,,Mantou Lou,3
72141149ea70,0000-0002-2501-2492,Moustafa,Mohammed,Shalaby,1
72145b7171a5,0000-0001-5881-1680,Christopher,,Eaker,1
7254243f56c9,0000-0002-7685-1034,Maria,,Montefinese,4
72a15ca1e644,0000-0001-7620-4462,Sebastian,,Kurten,3
73acb0bb1d5e,0009-0008-1036-0276,Robin,,Beckenbach,1
73b6234f125f,0000-0003-0512-0792,Aleksandrina,,Skvortsova,2
73ccf0908772,0009-0006-8224-3154,Susanne,,Kerschbaumer,1
73fa07502bfe,0009-0004-2068-3264,Lotta,,Höfer,1
73fc985eeefe,0009-0006-3739-7795,Mariem,,Younssi,1
74146d3f90db,0000-0002-8456-4545,Ana Carolina,,Marinho,1
744a162f256d,0000-0002-2054-4748,Shijun,,Yu,1
746c3f68b8f1,0000-0002-4557-2753,Christof,,Schöch,2
7483a9cf996f,0000-0001-9089-6020,Yu-Fang,,Yang,1
76b9a577fe7b,0009-0004-4642-3647,Amani,A.,Aloufi,1
7703d0e9eec3,0000-0002-8100-7508,Emma,,Wilson,2
777e2848307e,0000-0002-5330-7634,Eike,,Rinke,2
778fd49eb70f,0000-0003-3043-710X,Han-Wu-Shuang,,Bao,1
77c4f17198a4,0000-0002-1463-9396,Loukia,,Tzavella,1
784ae3ce56a1,0000-0002-0751-0172,Kimberly,,Quinn,3
78d5687e7f42,0000-0002-7649-1358,Mai,Salah El din,Helmy,1
78fdc0da2e4c,0000-0001-5148-6889,Joseph,,Almazan,1
7958b627c5af,0000-0002-1006-3430,Myriam,A.,Baum,2
79e9dd2abdc7,0000-0001-8711-1675,Robert,M,Ross,5
7aa7c6782848,0009-0001-9534-6439,Roksana,,Sobolak,5
7b3b72b0108c,0000-0002-9662-6547,Juan,Diego,García-Castro,1
7bc23043e691,0000-0002-1559-859X,Tobias,,Wingen,4
7d5a556dd22e,0000-0003-4981-0437,Marta,,Kołczyńska,1
7f045e4ff370,0000-0003-2266-4855,Alyssa,Hillary,Zisk,1
7fb822b8d657,0000-0002-6043-7349,Max,F,Wan,3
7fbd28213343,0000-0003-1572-4709,Maarten,,Derksen,1
8035bfc9ded8,0000-0001-6725-3270,Annalise,A,LaPlume,3
8073e243b657,0000-0002-5011-0780,Matthias,F. J.,Sperl,2
80b9225f55c4,0000-0002-9231-5100,Zoran,,Pavlović,3
80d84c620f97,0000-0001-5309-0132,Fabienne,,Ennigkeit,1
80e49d18500e,0000-0002-9946-5953,Kathleen,,Schmidt,5
815f0236a107,0000-0003-1075-6699,Aoife,,Mahony,1
81729961284d,0000-0002-6922-3590,Peder,Mortvedt,Isager,1
8254b0b67691,0009-0000-8170-1455,Antony,,Casula,1
833e0c729147,0000-0002-1755-948X,Sriraj,,Aiyer,1
83cf220526fb,0000-0003-3062-4036,Jesica,,Formoso,1
842f4b32ea31,0000-0002-9395-0894,Irene Sophia,,Plank,2
84429cc976d8,0000-0001-9337-0243,Jinbiao,,Yang,1
8490779e6037,0000-0002-5105-2084,Jordan,,Wagge,4
849374c19cde,0000-0001-7806-9583,Malte,,Elson,1
84c2dba6cba6,0000-0002-6596-3479,Amy,,Heather,1
87442488ce69,0000-0003-3644-0553,Paul,,Ilegbusi,1
87d9b9e42927,0000-0002-7855-6733,Kevin,,McManus,1
880fb0ad15a1,0000-0003-4996-3214,Ahmed,Hadi,Hakami,1
8812199e466c,0000-0002-9298-1488,Gavin,,Leech,2
883f15fc9059,0000-0002-7714-4841,Shanu,,Sadhwani,1
8867725432b2,0000-0002-7487-7898,Merle-Marie,,Pittelkow,4
89328d7cd14d,0000-0002-5871-997X,Joris,,Frese,4
8a6912693a18,0000-0002-1664-6186,Momchil,,Terziev,1
8a861144d414,0009-0003-3658-9873,Sharan,,Maiya,1
8bbfbc587f0a,0009-0004-8040-0836,Xuechun,,Huang,1
8bc921f8d949,0000-0002-8960-9642,Heidi,,Seibold,1
8bce46e7baf5,0000-0002-4191-5245,James,E,Bartlett,3
8c2f4746419e,0000-0002-4606-4179,Zhenya,,Kalenkovich,1
8c6be9d2424a,0000-0003-1070-6245,Theofilos,,Gkinopoulos,1
8cafdb197d7b,0000-0003-0966-8739,Gillian,,Hayes,1
8d05d3c5338c,0000-0002-1959-5812,Godfrey,,Ikahu,1
8ea0f79dfb62,0009-0007-9232-9450,Vladislava,,Trashlieva,3
8ea43a3a7db2,0000-0003-3452-0306,Ebuka,C.,Ezeike,1
8f8944f2777c,0009-0008-2943-233X,Paul,,Crowe,1
8f8e0a58c822,0000-0003-3190-6772,John,J,Shaw,16
8feea8860b01,0000-0001-6682-9952,Zlatomira,G.,Ilchovska,5
8ffa3d72d112,0000-0001-6248-7385,Alexandros,,Kastrinogiannis,2
90ac76f60ba1,0000-0003-1591-7236,Bettina,M. J.,Kern,2
91463b54678b,0000-0002-9285-2061,Alma,,Jeftić,4
91d1d7acc274,0000-0001-6614-0338,Simon,,Porcher,1
928741f09797,0000-0001-9570-8973,Leonardo,,Bergmann,2
92b62773a096,0000-0003-1944-8828,Martin,R,Vasilev,6
932554903d01,0000-0001-6526-4208,Vojin,M.,Simunović,1
93810b38b6f3,0000-0001-5566-9658,Frank,,Papenmeier,1
9394604c42c6,0000-0003-2152-0091,Suzanne,L. K.,Stewart,4
93a221cc8111,0000-0003-4332-8789,Katherine,S.,Button,2
945c4653ed7b,0000-0002-4926-3026,Brinna,E.,Mawhinney,1
94734e2e0f18,0000-0002-3772-4198,Jürgen,,Schneider,1
9481a18fa3f2,0000-0003-3206-8002,Kayleigh,L,Warrington,2
949e2b88b786,0000-0002-5696-8200,Veronica,,Diveica,4
94a5cf01992c,0000-0002-7763-3565,Patrick,,Forscher,2
95a59e575ba0,0000-0003-3567-3881,William,XQ,Ngiam,1
960483823fea,0000-0002-1651-9777,Nicolas,,Ruytenbeek,1
96cd3ba71e94,0000-0002-1404-0471,Rima-Maria,,Rahal,2
9758aeb7a2f5,0000-0001-9911-5518,Zhiqi,,Xu,1
97d22c634ce2,0000-0003-0889-8524,Vera,,Heininga,2
989afc40fac3,0000-0001-8675-4388,Julia,,Wolska,8
98c1af03e2e4,0000-0002-0301-1368,Magda,,Skubera,7
98f5ea02ca3e,0009-0006-3115-1399,Mirijam,,Schaaf,1
994e32715336,0000-0002-5813-3303,Bethan,,Iley,11
99937b966080,0000-0001-9511-0496,Giorgia,,Andreolli,6
9a001c24a0a7,0000-0002-2084-461X,Peter,,Branney,2
9a55d9d1a8db,0000-0003-2121-5177,Lukas,,Wallrich,23
9aa6ab2bd09e,0000-0002-0490-7035,Joachim,,Hüffmeier,1
9ad1c2b4d7f7,0000-0002-2154-9460,Zainab,Abdullah,Alsuhaibani,1
9af9a5ed28c3,0000-0001-5907-220X,Brett,J.,Gall,1
9b0110a41410,0000-0002-4925-7291,Lisa,,Spitzer,2
9b0a880592a7,0000-0001-5963-9632,Ashley,R,Blake,1
9b280913a5bb,0000-0002-6994-7222,Hala,M.,Alghamdi,1
9b4e4a7deea4,0009-0001-2274-7506,Yu,,Xu,1
9b6bb852cbc1,0000-0001-5063-4747,Karolina,,Urbanska,1
9bfe0650602e,0000-0001-8754-5510,Rachel,,Renbarger,1
9c18704e0fc2,0000-0002-3074-7944,Joanne,,McCuaig,2
9ca3dfcaebe7,0000-0003-2777-6581,Karen,,Matvienko-Sikar,4
9df496574585,0000-0001-7055-0567,Marianne,,Saam,2
9ee5bb9274cb,0000-0002-2051-985X,Husnain,,Raza,1
9f339d89e6dc,0000-0003-4126-0696,Nick,,Ballou,1
9f363719d8bf,0009-0000-8879-2839,Keegan,George,Vaz,2
9f4b2646014a,0000-0002-5805-5544,Manuel,,Rausch,1
9f77016b3616,0000-0003-1431-568X,Yuki,,Yamada,3
a0317b8a38c9,0000-0002-3993-6127,Malgorzata,,Lagisz,1
a17d804fa128,0000-0002-0591-4018,Tao,,Coll-Martín,3
a1a94dcdb5ca,0000-0002-1954-2219,Vaidis,C.,David,3
a264cc41472a,0000-0001-6797-5476,Brian,,Nosek,1
a2de32682ed5,0000-0002-7048-4093,Sam,,Parsons,14
a3119396b7fd,0000-0002-5727-8359,Bita,,Vahdani,1
a3146ca477a2,0000-0002-8469-7751,Abdulsamad,Yahya,Humaidan,1
a3871b25f31a,0000-0002-6843-7116,Jenny,,Terry,2
a3bd31c532e8,0000-0002-8854-2546,Raul,,Szekely,1
a4958c240ac1,0000-0003-4328-3963,Louise,,Bezuidenhout,1
a628fb4c9cf1,0000-0001-8429-7697,Micah,L,Vandegrift,1
a6725e976a83,0000-0002-2979-1630,Nazik,Noaman A.,Alnour,1
a721122d3c60,0000-0001-5126-3781,Danka,,Purić,2
a7a0fbf15d20,0000-0002-0854-1069,Ruwayshid,N,Alruwaili,1
a7ed7ee1d787,0009-0004-1390-0021,Pius,,Imwene,1
a8485262f4f1,0000-0003-1446-196X,Ekaterina,,Pronizius,2
a8b2bff5b900,0000-0001-5258-232X,Eduardo,,Garcia-Garzon,1
a900391a7819,0009-0009-9744-0320,Robin,R.,Hoekstra,2
a90d9d7ee530,0009-0006-1346-6741,Marina,,Tiulpakova,1
aa67ad852b7e,0000-0001-5967-2109,Scott,Darren,Swain,1
aad8f6da22dc,0000-0003-4310-4793,Mario,,Gollwitzer,1
ac2cbe530235,0009-0009-7656-7453,Prince,,Kumar,1
ac709e7a55b7,0000-0003-4759-3555,Moin,,Syed,3
acb42c287b77,0000-0002-2539-7011,Julia,,Beitner,2
ad26024e6c45,0000-0002-7322-7412,Jamal,,Amani Rad,1
adfa59da2ccd,0000-0003-1101-3942,Catherine,,Laverty,3
ae880ef7bfb6,0000-0003-3228-6501,Christopher,R.,Madan,1
ae8c1c4ba221,0000-0002-6289-0737,Jyoti,,Bhogal,1
ae8ce5363f70,0000-0002-2707-4646,Elizabeth,,Collins,1
ae93d118554a,0000-0001-8912-6133,Benjamin,G,Farrar,3
aeba181d0d4c,0000-0003-2816-7251,Adelina-Mihaela,,Halchin,1
af0ce5126f58,0000-0001-8173-5911,Ayanna,K,Thomas,1
b03e5ac8756b,0009-0007-0456-5112,Md. Burhan,Uddin,Zubair,1
b081cdafd83e,0000-0002-1281-9895,Richard,Mudahera,Dushime,4
b0ba7c928436,0000-0003-1400-2739,Timo,B.,Roettger,3
b14416ef200d,0000-0003-0066-8222,Leticia,,Micheli,23
b1715e6d7b67,0000-0003-3271-7121,Jason,,Hausenloy,2
b23b00bc53a2,0000-0003-2946-6456,Zahra,,Khorami,1
b27e6f0410ca,0000-0001-9001-4323,Isis,,Trajano,1
b281e3d01ad4,0000-0002-6213-3496,Sara,,Priem,1
b2bc86e0cd7a,0000-0002-4440-1688,Steven,K.,Kapp,3
b364758d9a2f,0000-0002-5835-0981,Siu Kit,,Yeung,10
b3804fd87ee6,0000-0002-0637-8851,Jamie,P,Cockcroft,3
b4ca225bac19,0000-0003-2176-8986,Vaitsa,,Giannouli,6
b4eea76f5444,0000-0002-4052-3469,Alaa,M.,Saleh,1
b52141f71f6b,0000-0002-8614-9310,Sarah,,Ashcroft-Jones,7
b57e63879003,0000-0001-8624-3828,Jennifer,,Murphy,1
b633b0db39c0,0000-0001-7906-3925,Gisela,H,Govaart,1
b69972d0940b,0009-0008-8737-6137,Harry,D.,Coulson,3
b727cd8a522e,0000-0003-4002-128X,Saida,,Heshmati,1
b7474e83b30d,0000-0002-8342-2756,Markus,,Weinmann,1
b8a6b36c04e0,0000-0002-3164-3389,Alina,,Koppold,3
b8c54104df6d,0000-0002-1305-0547,Nikolay,,Petrov,1
ba20182d1b9a,0000-0002-1331-6683,Helena,,Hartmann,24
ba344e0c8857,0000-0003-2266-9736,Ryan,A,Millager,1
bac5d58833ad,0000-0001-5495-713X,Anna,,Meier,2
bb20517e5fc0,0000-0001-7824-7650,Björn,,Brembs,1
bbed368925fe,0000-0002-1770-7585,Thomas,E.,Metherell,1
bc2cb047e4f7,0000-0002-3520-2046,Ross,,Mounce,1
bca654e0e674,0009-0001-7707-1486,Fernando,,Steeb,2
bcce08a82466,0009-0001-7198-0515,Sarah,Mohamed Saraheldeen,Hassan,1
bcdd4f59ad3e,0000-0002-4617-4191,Hakan,,Çakmak,1
bdcb38dc66d9,0000-0002-3734-8006,Madeleine,,Pownall,9
bdebebdf5250,0000-0001-7781-5310,Melissa,,Schuring,1
bee49fd4f83a,0000-0003-3939-3852,Yseult,,Héjja-Brichard,2
c0051d40f61a,0000-0002-9582-842X,Jennifer,,Mattschey,2
c0a99002e99f,0000-0003-2705-1724,Yo,,Yehudi,1
c0b7677588ae,0000-0002-1960-6788,Daniela,,Duca,1
c0dbf61d34e6,0000-0003-3810-5978,Ali,H,Al-Hoorie,9
c28099cfd1f2,0000-0002-4523-2097,Phil,,McAleer,1
c3a03574aa68,0000-0002-8142-8492,Marton,,Kovacs,1
c3f9c7911d3e,0000-0003-1704-1135,Ronan,,McGarrigle,1
c4cabe800937,0000-0001-9602-5015,Samantha,L,Tyler,2
c4edc46394ea,0000-0003-4837-0345,Niko,,Busch,1
c77160a524c6,0000-0003-1988-0661,Alaa,,Aldoh,4
c810ed75749f,0000-0002-1253-9711,Ruoting,,Liu,1
c9218dd86b4e,0009-0007-4939-0766,Rían,,O'Mahoney,1
c9999d3707ef,0000-0002-1017-0025,Lucija,,Batinović,1
caa61f0c6443,0000-0002-6892-4643,Shilaan,,Alzahawi,5
cafcf1d59689,0000-0003-3169-102X,Mohammed,Ali,Mohsen,1
cb40f2c43772,0000-0002-4273-9394,Asil,Ali,Özdoğru,1
cb704fcee0bf,0000-0002-7299-162X,Halil,Emre,Kocalar,5
cba919f60a63,0000-0002-0107-6651,Samuel,J,Westwood,3
cbdbac544d66,0000-0001-5784-2733,David,,Zimmermann,2
cbecba5d346c,0000-0002-1205-1724,Ana,,Barbosa Mendes,1
cc062e7b6205,0000-0002-3746-2327,Betul,,Kan-Kilinc,1
cc8282135519,0000-0002-8486-453X,Kari,,Trost,1
cc896b961ddb,0000-0002-4924-9857,Jenny,Mai,Phan,4
cc90aaa69718,0000-0001-6703-3200,Isabela,,Figueira,1
cca6a6472327,0000-0003-1061-1131,Tamara,,Kalandadze,10
cf5186025891,0000-0002-8459-359X,Adrien,,Mathy,2
cf6392f6a5d8,0000-0003-2522-8717,Hannah,R.,Slack,1
d071bbe1914b,0009-0002-5600-0336,Jaeho,,Lee,2
d1a5124b1521,0009-0006-6029-8808,Miriam,,Müller,2
d23c5694affb,0000-0001-5990-0087,Helene,,Richter,1
d2cdef276bbc,0000-0002-1005-7452,Laura,,Rosseel,1
d2eb9b69c4b1,0000-0002-9451-7814,Renu,,Kumari,1
d34bf56350d5,0000-0002-7971-1678,Katie,,Corker,1
d34d783a30d8,0000-0002-8890-2775,Veronica,,Boyce,2
d371698de408,0000-0003-0080-1062,Oscar,,Lecuona,4
d453d027f23b,0000-0002-3516-334X,Lamis,Yahia Mohamed,Elkheir,1
d485e62a63c4,0000-0002-6748-6020,Paul,E.,Plonski,2
d4a75dbddb33,0000-0001-5218-8015,Thipparapu,,Rajesh,1
d4b50eafe2fb,0000-0002-3896-5145,Yuri,G.,Pavlov,1
d5125af98b4b,0000-0001-7476-0561,Hiba,A.,Alomary,1
d62feef5b148,0000-0003-4717-3438,Asma,A,Assaneea,1
d6528f94b003,0000-0002-1655-5479,Maria,,Meier,3
d7a469e48170,0000-0003-2375-1360,Jeffrey,R.,Stevens,2
d7d9410b5223,0000-0003-1672-9616,Alexander,,Hart,2
d7eb4f3583cb,0000-0003-1695-2498,Michael,S,Matthews,1
d8da5cfb1b7e,0009-0002-6502-2430,Tosan,,Okome,1
d9964f3f5d15,0000-0003-4155-001X,Max,C. D.,Gattie,2
d9bf26e194fc,0000-0002-5591-8551,Sebastian,,Garcia,5
d9f64e84980b,0000-0003-1564-8865,Marie,,Dokovova,1
da1ef33e9338,0000-0003-3655-8842,Laura,Maria,König,3
da637a57c033,0000-0002-8698-9213,Mete Sefa,,Uysal,1
db7a75a1b2bd,0000-0002-0741-9045,Anna,,Exner,2
dc74869858df,0000-0001-5307-8029,Sara,L,Middleton,5
dca1b78168a4,0009-0008-8317-073X,Anusha,Vaithianathan,Ramji,2
dcb52eae5527,0000-0002-4345-3814,Andrea,,Kis,2
dd30735a4d2d,0000-0002-4219-6625,Yanna,J,Weisberg,1
de1308dd4b56,0000-0002-5492-2188,Bojana,,Dinić,2
de3f7c633ee0,0000-0003-3682-8363,Jørgen,Østmo-Sæter,Olsnes,1
debafce1c235,0009-0003-5447-8034,Prince,,Oppong Boakye,1
dee3a79bba3d,0000-0003-0919-4879,Elena,,Richert,2
e0448b2d3858,0000-0003-3211-8006,Darías,,Holgado,1
e11f5478b3d1,0000-0002-8113-2560,Max,,Korbmacher,8
e133cfbc5718,0009-0008-7228-2162,Enrico,M.A.,Drees,1
e13f34a645c0,0000-0002-2415-6662,Clara,,Akpan,1
e16e64456711,0000-0002-9870-3825,Kamil,,Izydorczak,4
e1a39ee15484,0000-0003-4131-7891,Lydia,,Riedl,2
e25da07cf74f,0000-0003-3997-1173,Loek,,Brinkman,1
e26eb9372d06,0000-0003-3761-392X,Marta,K,Topor,1
e2732464c91a,0009-0006-3602-1593,Akanksha,,Gupta,2
e36fd6a3a4d0,0000-0002-5259-642X,Charlotte,R,Pennington,13
e378f68660b0,0000-0001-7115-956X,Molly,A.,Metz,1
e4e7ca8b1854,0000-0001-9657-8496,Anabel,,Belaus,2
e580c3d0f9c1,0000-0002-4064-0091,Sabrina,,Shajeen Alam,1
e590f5683df8,0000-0003-0476-772X,Jojanneke,,van der Toorn,1
e59ca4f1d31c,0000-0001-8127-0034,Clarissa,,França Dias Carneiro,2
e5d3c83f8800,0009-0001-9295-2089,Kudakwashe,,Siziva,2
e5df8e86c03a,0000-0002-7174-8193,Cameron,,Brick,2
e63cce05e676,0000-0001-8036-5859,Birgit,,Schmidt,1
e67a2108dc7d,0000-0001-5766-0489,Patricia,,Arriaga,6
e708ffe600f7,0000-0002-9957-4025,Emma,,Norris,1
e71b722f8d27,0000-0002-1410-4914,Piyali,,Bhattacharya,1
e8790338c49e,0000-0003-0012-8752,Kai Li,,Chung,2
e8e94e1d7fe7,0000-0002-0586-6650,Brice,,Beffara Bret,1
e9b4a458b442,0000-0002-6712-779X,Pablo,Ezequiel,Flores-Kanter,3
e9f2610fb4fb,0000-0002-4350-6082,Marie,,Dokovova,1
eaff4fb8b67d,0000-0001-5059-6576,Martina,,Sladekova,1
ec80e2ec7293,0000-0002-1533-7760,Angel,A.,García O' Diana,1
ecd7bfea6848,0000-0002-5400-1952,Lea,,Nobbe,1
edcaabc3ea6a,0000-0002-1957-1941,David,,Moreau,7
ee9f0b880883,0000-0002-3060-1320,Amélie,,Gourdon-Kanhukamwe,8
eeb5543e8769,0000-0003-3569-931X,Mirela,,Zaneva,11
efa33ec397fd,0000-0002-7333-0903,Olly,M,Robertson,4
f0fef66194a4,0009-0004-4974-9191,Xinyu,,Wang,1
f12902645acd,0000-0002-3837-0088,Matthew,C,Makel,4
f12c5074be9a,0000-0002-6394-7854,Diego,,Manríquez-Robles,1
f14e3fb0182c,0000-0003-1351-1849,Teshome Kebede,,Deressa,1
f3b77452cf09,0000-0002-3211-6871,Susanne,,Adler,2
f46b22a8e576,0000-0003-1200-6672,Biljana,,Gjoneska,11
f4e12b047c2e,0000-0003-2812-6599,Gilad,,Feldman,5
f50f4c9c1895,0000-0002-1893-3920,Chinchu,,C.,1
f532dc231ccd,0000-0002-2225-5245,Andrew,,Pua,3
f58bdf9130de,0000-0002-2553-2359,Aleksandr,,Pravednikov,1
f5df1a2e499a,0000-0002-2603-7341,Timo,,Lueke,1
f6669138c54f,0000-0002-5406-2149,Katie,A,Gilligan-Lee,1
f8d16b130ad4,0000-0003-0916-2308,Zixi,,Wang,1
f943a977e696,0000-0002-0433-0483,Aleksandra,,Lazić,3
f96af2bafccf,0009-0003-7624-8424,Joshua,,Muthu,1
f99ae0bf7126,0000-0002-3933-6076,Nadica,,Miljković,2
f9af2e0ff68c,0000-0002-5839-8010,Elen,,Le Foll,3
faefcddc46fe,0000-0001-8466-7328,Luisa,,Altegoer,1
fb464a00d927,0000-0002-7354-5330,Neea,,Rusch,1
fb5855dc799b,0000-0002-8395-4357,Ulrike,,Gut,1
fba0c6a11f4e,0000-0001-6666-9426,Sandra,,Grinschgl,3
fc8c5796816c,0000-0001-9135-6130,Kimberly,Lewis,Meidenbauer,2
fd36642b771e,0000-0002-8976-6808,Gwen,,Brekelmans,1
fd486698fe09,0000-0002-5396-2321,Emma,L,Henderson,2
fd5cc416963c,0000-0001-5049-9354,Crystal,Nicole,Steltenpohl,6
fd7a45660f8c,0000-0002-1697-4198,Bradley,J.,Baker,8
fe09ceb2ce9e,0009-0006-6006-8498,Anna,,Hollis,1
fea57df88f45,0000-0001-8323-2699,Meng,,Liu,11
ff0729c58d7b,0000-0003-2217-9331,Melissa,,Kline Struhl,1
ffd966a28de7,0000-0001-9364-4988,Balazs,,Aczel,5
