orcid_raw,orcid_clean,status
0000-0001-5307-8029,0000-0001-5307-8029,valid
0000-0002-5813-3303,0000-0002-5813-3303,valid
0000-0001-9000-8513,0000-0001-9000-8513,valid
0000-0002-0978-9496,0000-0002-0978-9496,valid
0000-0002-0540-3998,0000-0002-0540-3998,valid
0000-0002-4924-9857,0000-0002-4924-9857,valid
0000-0003-3655-8842,0000-0003-3655-8842,valid
,,missing
0000-0001-5049-9354,0000-0001-5049-9354,valid
0000-0001-7115-956X,0000-0001-7115-956X,valid
0000-0003-3062-4036,0000-0003-3062-4036,valid
0000-0002-0751-0172,0000-0002-0751-0172,valid
0000-0002-5105-2084,0000-0002-5105-2084,valid
0000-0001-8921-4547,0000-0001-8921-4547,valid
0000-0002-4617-4191,0000-0002-4617-4191,valid
0000-0002-1331-6683,0000-0002-1331-6683,valid
0000-0003-1194-0113,0000-0003-1194-0113,valid
0000-0003-0095-339X,0000-0003-0095-339X,valid
0000-0003-3625-1357,0000-0003-3625-1357,valid
0000-0001-5495-713X,0000-0001-5495-713X,valid
0000-0003-1572-4709,0000-0003-1572-4709,valid
0000-0002-7503-5131,0000-0002-7503-5131,valid
0000-0003-4759-3555,0000-0003-4759-3555,valid
0000-0003-0476-772X,0000-0003-0476-772X,valid
0000-0001-7089-6103,0000-0001-7089-6103,valid
0000-0003-1601-2439,0000-0003-1601-2439,valid
0000-0002-8459-359X,0000-0002-8459-359X,valid
https://orcid.org/0000-0002-3060-1320,0000-0002-3060-1320,valid
https://orcid.org/0000-0002-4345-3814,0000-0002-4345-3814,valid
https://orcid.org/0000-0002-1533-7760,0000-0002-1533-7760,valid
https://orcid.org/0000-0003-1075-6699,0000-0003-1075-6699,valid
0000-0002-8709-6417,0000-0002-8709-6417,valid
0000-0003-1200-6672,0000-0003-1200-6672,valid
https://orcid.org/0000-0002-5492-2188,0000-0002-5492-2188,valid
0000-0002-8843-625X,0000-0002-8843-625X,valid
0000-0002-1144-7970,0000-0002-1144-7970,valid
0000-0002-2415-6662,0000-0002-2415-6662,valid
https://orcid.org/0000-0002-1954-2219,0000-0002-1954-2219,valid
https://orcid.org/0000-0001-8420-1245,0000-0001-8420-1245,valid
https://orcid.org/0000-0002-1490-4903,0000-0002-1490-4903,valid
https://orcid.org/0000-0002-6712-779X,0000-0002-6712-779X,valid
https://orcid.org/0000-0001-5309-0132,0000-0001-5309-0132,valid
https://orcid.org/0000-0003-0472-915X,0000-0003-0472-915X,valid
https://orcid.org/0000-0001-9000-8513,0000-0001-9000-8513,valid
https://orcid.org/0000-0001-9511-0496,0000-0001-9511-0496,valid
https://orcid.org/0000-0002-1959-5812,0000-0002-1959-5812,valid
https://orcid.org/0000-0002-7299-162X,0000-0002-7299-162X,valid
0000-0001-8675-4388,0000-0001-8675-4388,valid
https://orcid.org/0000-0002-3516-334X,0000-0002-3516-334X,valid
https://orcid.org/0000-0003-0130-6602,0000-0003-0130-6602,valid
https://orcid.org/0000-0002-0301-1368,0000-0002-0301-1368,valid
https://orcid.org/0000-0002-7685-1034,0000-0002-7685-1034,valid
https://orcid.org/0009-0006-1346-6741,0009-0006-1346-6741,valid
0000-0001-9050-1471,0000-0001-9050-1471,valid
https://orcid.org/0000-0002-8113-2560,0000-0002-8113-2560,valid
https://orcid.org/0000-0003-3569-931X,0000-0003-3569-931X,valid
https://orcid.org/0000-0003-3412-4311,0000-0003-3412-4311,valid
https://orcid.org/0000-0002-7805-184X,0000-0002-7805-184X,valid
https://orcid.org/0000-0003-3644-0553,0000-0003-3644-0553,valid
https://orcid.org/0000-0002-2084-461X,0000-0002-2084-461X,valid
0000-0003-2444-6982,0000-0003-2444-6982,valid
0000-0002-1281-9895,0000-0002-1281-9895,valid
0009-0001-9534-6439,0009-0001-9534-6439,valid
0000-0001-6243-104X,0000-0001-6243-104X,valid
0000-0002-6213-3496,0000-0002-6213-3496,valid
https://orcid.org/0000-0003-1194-0113,0000-0003-1194-0113,valid
0009-0001-7198-0515,0009-0001-7198-0515,valid
https://orcid.org/0000-0002-4466-3426,0000-0002-4466-3426,valid
0000-0002-5591-8551,0000-0002-5591-8551,valid
0000-0001-6614-0338,0000-0001-6614-0338,valid
https://orcid.org/0000-0002-6778-6744,0000-0002-6778-6744,valid
0000-0001-9717-5568,0000-0001-9717-5568,valid
https://orcid.org/0000-0002-6670-0718,0000-0002-6670-0718,valid
https://orcid.org/0009-0002-6502-2430,0009-0002-6502-2430,valid
0000-0003-0737-9802,0000-0003-0737-9802,valid
0000-0003-2176-8986,0000-0003-2176-8986,valid
0000-0002-5696-8200,0000-0002-5696-8200,valid
0000-0003-2705-1724,0000-0003-2705-1724,valid
0000-0003-3939-3852,0000-0003-3939-3852,valid
0000-0002-4606-4179,0000-0002-4606-4179,valid
0000-0002-7048-4093,0000-0002-7048-4093,valid
0000-0002-6670-0718,0000-0002-6670-0718,valid
0000-0002-0301-1368,0000-0002-0301-1368,valid
0000-0003-0066-8222,0000-0003-0066-8222,valid
0000-0003-1944-8828,0000-0003-1944-8828,valid
0009-0006-8034-0401,0009-0006-8034-0401,valid
0000-0003-3190-6772,0000-0003-3190-6772,valid
0000-0002-6446-1901,0000-0002-6446-1901,valid
0009-0005-6609-5924,0009-0005-6609-5924,valid
0009-0001-0917-5398,0009-0001-0917-5398,valid
0000-0002-8614-9310,0000-0002-8614-9310,valid
0000-0002-4440-1688,0000-0002-4440-1688,valid
0000-0002-3060-1320,0000-0002-3060-1320,valid
0000-0002-5835-0981,0000-0002-5835-0981,valid
0000-0003-3206-8002,0000-0003-3206-8002,valid
0009-0008-8317-073X,0009-0008-8317-073X,valid
0000-0001-7774-3433,0000-0001-7774-3433,valid
0000-0001-6049-6851,0000-0001-6049-6851,valid
0000-0003-3569-931X,0000-0003-3569-931X,valid
0000-0001-8323-2699,0000-0001-8323-2699,valid
0000-0002-5259-642X,0000-0002-5259-642X,valid
0000-0002-3734-8006,0000-0002-3734-8006,valid
0000-0002-0107-6651,0000-0002-0107-6651,valid
0000-0002-7562-5342,0000-0002-7562-5342,valid
0000-0001-9822-3648,0000-0001-9822-3648,valid
0000-0002-0337-7159,0000-0002-0337-7159,valid
0000-0002-0520-6425,0000-0002-0520-6425,valid
0000-0001-6703-3200,0000-0001-6703-3200,valid
0000-0002-8488-0273,0000-0002-8488-0273,valid
0000-0003-0966-8739,0000-0003-0966-8739,valid
0000-0001-7620-4462,0000-0001-7620-4462,valid
0000-0002-5400-1952,0000-0002-5400-1952,valid
0000-0002-2937-4183,0000-0002-2937-4183,valid
0009-0006-3115-1399,0009-0006-3115-1399,valid
0000-0002-4064-0091,0000-0002-4064-0091,valid
/0000-0002-5259-642X,0000-0002-5259-642X,valid
0000-0002-2363-4757,0000-0002-2363-4757,valid
0000-0003-4915-1785,0000-0003-4915-1785,valid
0000-0002-6607-1704,0000-0002-6607-1704,valid
0000-0002-8698-9213,0000-0002-8698-9213,valid
0000-0002-1017-0025,0000-0002-1017-0025,valid
0000-0003-2871-9693,0000-0003-2871-9693,valid
0000-0001-7338-0567,0000-0001-7338-0567,valid
0000-0002-1960-6788,0000-0002-1960-6788,valid
0000-0002-8088-4007,0000-0002-8088-4007,valid
0000-0002-3242-5981,0000-0002-3242-5981,valid
0000-0003-1400-2739,0000-0003-1400-2739,valid
0000-0001-9670-8510,0000-0001-9670-8510,valid
0009-0007-9232-9450,0009-0007-9232-9450,valid
0000-0001-9602-5015,0000-0001-9602-5015,valid
0000-0002-4585-2149,0000-0002-4585-2149,valid
0000-0002-0675-5215,0000-0002-0675-5215,valid
0000-0001-8754-5510,0000-0001-8754-5510,valid
0000-0002-7531-4333,0000-0002-7531-4333,valid
0000-0001-5063-4747,0000-0001-5063-4747,valid
0000-0002-7763-3565,0000-0002-7763-3565,valid
0000-0001-5881-1680,0000-0001-5881-1680,valid
0000-0003-2777-6581,0000-0003-2777-6581,valid
0000-0001-9364-4988,0000-0001-9364-4988,valid
0000-0001-8173-5911,0000-0001-8173-5911,valid
0000-0003-2217-9331,0000-0003-2217-9331,valid
0000-0001-6038-6142,0000-0001-6038-6142,valid
0000-0003-2121-5177,0000-0003-2121-5177,valid
0009-0004-5454-9514,0009-0004-5454-9514,valid
0009-0000-8879-2839,0009-0000-8879-2839,valid
0000-0002-3746-2327,0000-0002-3746-2327,valid
0000-0002-9395-0894,0000-0002-9395-0894,valid
0000-0002-5839-8010,0000-0002-5839-8010,valid
0009-0006-3602-1593,0009-0006-3602-1593,valid
0000-0002-6196-4191,0000-0002-6196-4191,valid
0000-0001-9911-526X,0000-0001-9911-526X,valid
0009-0004-9131-8053,0009-0004-9131-8053,valid
0009-0008-1341-9456,0009-0008-1341-9456,valid
0000-0002-1784-2920,0000-0002-1784-2920,valid
0000-0002-1655-5479,0000-0002-1655-5479,valid
0000-0002-6712-779X,0000-0002-6712-779X,valid
0000-0001-9001-4323,0000-0001-9001-4323,valid
0000-0002-1954-2219,0000-0002-1954-2219,valid
0009-0006-6029-8808,0009-0006-6029-8808,valid
0000-0001-5766-0489,0000-0001-5766-0489,valid
0009-0008-8737-6137,0009-0008-8737-6137,valid
0000-0003-4511-9008,0000-0003-4511-9008,valid
https://orcid.org/0000-0002-6446-1901,0000-0002-6446-1901,valid
https://orcid.org/0000-0002-1331-6683,0000-0002-1331-6683,valid
0000-0001-7806-9583,0000-0001-7806-9583,valid
0000-0003-1988-0661,0000-0003-1988-0661,valid
0000-0002-7333-0903,0000-0002-7333-0903,valid
0000-0002-2076-5348,0000-0002-2076-5348,valid
0000-0002-3837-0088,0000-0002-3837-0088,valid
0000-0002-1957-1941,0000-0002-1957-1941,valid
0000-0002-1463-9396,0000-0002-1463-9396,valid
0000-0003-1704-1135,0000-0003-1704-1135,valid
0000-0002-4088-8476,0000-0002-4088-8476,valid
0000-0002-6043-7349,0000-0002-6043-7349,valid
0000-0002-1826-2274,0000-0002-1826-2274,valid
https://orcid.org/0000-0002-7971-1678,0000-0002-7971-1678,valid
0009-0000-1007-6517,0009-0000-1007-6517,valid
0009-0009-9744-0320,0009-0009-9744-0320,valid
https://orcid.org/0000-0002-0129-0340,0000-0002-0129-0340,valid
0000-0002-1588-7527,0000-0002-1588-7527,valid
0000-0003-0889-8524,0000-0003-0889-8524,valid
0000-0001-5950-0139,0000-0001-5950-0139,valid
0000-0002-5330-7634,0000-0002-5330-7634,valid
0000-0001-6990-839X,0000-0001-6990-839X,valid
0000-0003-1061-1131,0000-0003-1061-1131,valid
0000-0003-2812-6599,0000-0003-2812-6599,valid
0000-0003-4332-8789,0000-0003-4332-8789,valid
0000-0002-2976-3330,0000-0002-2976-3330,valid
0000-0003-2553-1273,0000-0003-2553-1273,valid
0000-0002-1697-4198,0000-0002-1697-4198,valid
0000-0001-6539-5494,0000-0001-6539-5494,valid
0000-0001-5906-1789,0000-0001-5906-1789,valid
0000-0003-1101-3942,0000-0003-1101-3942,valid
0000-0002-4219-6625,0000-0002-4219-6625,valid
0000-0002-4523-2097,0000-0002-4523-2097,valid
0000-0002-2270-2455,0000-0002-2270-2455,valid
0000-0003-3412-4311,0000-0003-3412-4311,valid
0000-0002-3482-6703,0000-0002-3482-6703,valid
0000-0003-1431-568X,0000-0003-1431-568X,valid
0000-0003-1578-3098,0000-0003-1578-3098,valid
0000-0002-6892-4643,0000-0002-6892-4643,valid
0000-0003-1501-4846,0000-0003-1501-4846,valid
0000-0002-1559-859X,0000-0002-1559-859X,valid
0000-0002-6778-6744,0000-0002-6778-6744,valid
0000-0001-6030-4207,0000-0001-6030-4207,valid
0000-0002-9946-5953,0000-0002-9946-5953,valid
0000-0002-0806-1081,0000-0002-0806-1081,valid
0000-0003-3997-1173,0000-0003-3997-1173,valid
0000-0001-8069-0416,0000-0001-8069-0416,valid
0000-0003-0853-5272,0000-0003-0853-5272,valid
0000-0003-2152-0091,0000-0003-2152-0091,valid
0000-0003-3810-5978,0000-0003-3810-5978,valid
0000-0003-4131-7891,0000-0003-4131-7891,valid
0000-0002-9795-4104,0000-0002-9795-4104,valid
0000-0002-7299-162X,0000-0002-7299-162X,valid
0000-0003-4975-3372,0000-0003-4975-3372,valid
0000-0001-5882-3200,0000-0001-5882-3200,valid
0000-0003-3223-4816,0000-0003-3223-4816,valid
0000-0002-1404-0471,0000-0002-1404-0471,valid
0000-0002-4191-5245,0000-0002-4191-5245,valid
0000-0002-3074-7944,0000-0002-3074-7944,valid
0000-0001-9511-0496,0000-0001-9511-0496,valid
0000-0002-0420-2342,0000-0002-0420-2342,valid
0000-0001-7906-3925,0000-0001-7906-3925,valid
0000-0002-9957-4025,0000-0002-9957-4025,valid
0000-0002-1367-2282,0000-0002-1367-2282,valid
0000-0003-2697-9635,0000-0003-2697-9635,valid
0000-0003-0024-9861,0000-0003-0024-9861,valid
0000-0002-0433-0483,0000-0002-0433-0483,valid
0000-0002-7382-6079,0000-0002-7382-6079,valid
0000-0002-2707-4646,0000-0002-2707-4646,valid
0000-0001-8324-2715,0000-0001-8324-2715,valid
0000-0002-7805-184X,0000-0002-7805-184X,valid
0000-0002-8142-8492,0000-0002-8142-8492,valid
0000-0003-3599-1580,0000-0003-3599-1580,valid
0000-0002-9870-3825,0000-0002-9870-3825,valid
0000-0003-0472-915X,0000-0003-0472-915X,valid
0000-0001-9089-6020,0000-0001-9089-6020,valid
0000-0001-6725-3270,0000-0001-6725-3270,valid
0000-0002-5396-2321,0000-0002-5396-2321,valid
0000-0001-8912-6133,0000-0001-8912-6133,valid
0000-0002-3520-2046,0000-0002-3520-2046,valid
0000-0002-9824-9247,0000-0002-9824-9247,valid
https://orcid.org/0000-0001-8711-1675,0000-0001-8711-1675,valid
0000-0001-8429-7697,0000-0001-8429-7697,valid
0000-0001-9247-9781,0000-0001-9247-9781,valid
0000-0003-3761-392X,0000-0003-3761-392X,valid
https://orcid.org/0000-0002-1006-3430,0000-0002-1006-3430,valid
0000-0003-0637-7151,0000-0003-0637-7151,valid
0000-0003-4717-3438,0000-0003-4717-3438,valid
0000-0002-9129-0415,0000-0002-9129-0415,valid
0000-0003-4190-7912,0000-0003-4190-7912,valid
0000-0003-4126-0696,0000-0003-4126-0696,valid
0000-0002-5761-8536,0000-0002-5761-8536,valid
0000-0003-1591-7236,0000-0003-1591-7236,valid
0000-0003-4433-5622,0000-0003-4433-5622,valid
0000-0002-7242-9207,0000-0002-7242-9207,valid
0000-0002-3326-864X,0000-0002-3326-864X,valid
0000-0002-6079-9323,0000-0002-6079-9323,valid
0000-0001-5258-232X,0000-0001-5258-232X,valid
0000-0001-5963-9632,0000-0001-5963-9632,valid
0000-0002-0637-8851,0000-0002-0637-8851,valid
0000-0002-0586-6650,0000-0002-0586-6650,valid
0000-0001-8123-5589,0000-0001-8123-5589,valid
0000-0002-8342-2756,0000-0002-8342-2756,valid
0000-0003-0080-1062,0000-0003-0080-1062,valid
0000-0001-8036-5859,0000-0001-8036-5859,valid
0000-0003-3567-3881,0000-0003-3567-3881,valid
0000-0002-1205-1724,0000-0002-1205-1724,valid
0000-0001-5907-220X,0000-0001-5907-220X,valid
0000-0002-5535-7141,0000-0002-5535-7141,valid
0000-0002-4925-7291,0000-0002-4925-7291,valid
https://orcid.org/0000-0002-1559-859X,0000-0002-1559-859X,valid
0000-0002-6843-7116,0000-0002-6843-7116,valid
0000-0003-2266-9736,0000-0003-2266-9736,valid
0000-0002-5873-503X,0000-0002-5873-503X,valid
https://orcid.org/0000-0003-1988-0661,0000-0003-1988-0661,valid
0000-0003-1672-9616,0000-0003-1672-9616,valid
0000-0002-0712-3746,0000-0002-0712-3746,valid
0000-0001-5787-9034,0000-0001-5787-9034,valid
0000-0001-7386-297,0000-0001-7386-297,malformed
0009-0004-4642-3647,0009-0004-4642-3647,valid
0000-0003-2558-7779,0000-0003-2558-7779,valid
0000-0002-6994-7222,0000-0002-6994-7222,valid
0000-0003-1462-5346,0000-0003-1462-5346,valid
0000-0001-7476-0561,0000-0001-7476-0561,valid
0000-0002-2154-9460,0000-0002-2154-9460,valid
0000-0002-8469-7751,0000-0002-8469-7751,valid
0000-0003-0507-9590,0000-0003-0507-9590,valid
0000-0002-0854-1069,0000-0002-0854-1069,valid
0000-0002-4107-8280,0000-0002-4107-8280,valid
0000-0002-2979-1630,0000-0002-2979-1630,valid
0000-0002-2501-2492,0000-0002-2501-2492,valid
https://orcid.org/0000-0002-7649-1358,0000-0002-7649-1358,valid
0000-0003-4996-3214,0000-0003-4996-3214,valid
0000-0002-4052-3469,0000-0002-4052-3469,valid
https://orcid.org/0000-0003-3350-1760,0000-0003-3350-1760,valid
0000-0003-3169-102X,0000-0003-3169-102X,valid
https://orcid.org/0000-0003-4553-0542,0000-0003-4553-0542,valid
https://orcid.org/0009-0007-0456-5112,0009-0007-0456-5112,valid
0000-0001-6682-9952,0000-0001-6682-9952,valid
0000-0002-1664-6186,0000-0002-1664-6186,valid
0000-0002-4350-6082,0000-0002-4350-6082,valid
0000-0003-2209-4311,0000-0003-2209-4311,valid
0009-0003-0557-4089,0009-0003-0557-4089,valid
0009-0001-2274-7506,0009-0001-2274-7506,valid
0000-0003-4023-6854,0000-0003-4023-6854,valid
0009-0004-4974-9191,0009-0004-4974-9191,valid
0000-0002-1253-9711,0000-0002-1253-9711,valid
0000-0001-9337-0243,0000-0001-9337-0243,valid
0000-0003-0916-2308,0000-0003-0916-2308,valid
0000-0001-9317-3047,0000-0001-9317-3047,valid
0000-0002-9582-842X,0000-0002-9582-842X,valid
0000-0002-5871-997X,0000-0002-5871-997X,valid
0000-0003-4443-7100,0000-0003-4443-7100,valid
0000-0001-8127-0034,0000-0001-8127-0034,valid
https://orcid.org/0000-0002-4252-4668,0000-0002-4252-4668,valid
0000-0002-6766-734X,0000-0002-6766-734X,valid
0000-0002-9527-1406,0000-0002-9527-1406,valid
0000-0003-1629-3699,0000-0003-1629-3699,valid
0000-0001-5126-3781,0000-0001-5126-3781,valid
0000-0002-3933-6076,0000-0002-3933-6076,valid
0000-0002-5492-2188,0000-0002-5492-2188,valid
0000-0001-6526-4208,0000-0001-6526-4208,valid
0000-0002-9231-5100,0000-0002-9231-5100,valid
0000-0002-0591-4018,0000-0002-0591-4018,valid
0000-0001-8466-7328,0000-0001-8466-7328,valid
0000-0002-8890-2775,0000-0002-8890-2775,valid
0000-0001-7874-1261,0000-0001-7874-1261,valid
0000-0003-3087-1002,0000-0003-3087-1002,valid
0000-0002-0490-7035,0000-0002-0490-7035,valid
0009-0004-1727-9308,0009-0004-1727-9308,valid
0000-0002-6922-3590,0000-0002-6922-3590,valid
0000-0002-7487-7898,0000-0002-7487-7898,valid
0000-0002-5030-4091,0000-0002-5030-4091,valid
0000-0002-4557-2753,0000-0002-4557-2753,valid
0000-0001-7763-4229,0000-0001-7763-4229,valid
0000-0002-2785-756,0000-0002-2785-756,malformed
0000-0003-2522-8717,0000-0003-2522-8717,valid
0000-0001-6666-9426,0000-0001-6666-9426,valid
0000-0002-5406-2149,0000-0002-5406-2149,valid
0000-0002-2603-7341,0000-0002-2603-7341,valid
0000-0002-9369-6953,0000-0002-9369-6953,valid
0000-0001-9484-632X,0000-0001-9484-632X,valid
0000-0002-2084-461X,0000-0002-2084-461X,valid
0000-0002-2467-307X,0000-0002-2467-307X,valid
0000-0002-1006-3430,0000-0002-1006-3430,valid
0000-0001-8711-1675,0000-0001-8711-1675,valid
0000-0001-6211-8600,0000-0001-6211-8600,valid
0000-0001-6651-0976,0000-0001-6651-0976,valid
0000-0002-8976-6808,0000-0002-8976-6808,valid
0000-0003-1070-6245,0000-0003-1070-6245,valid
0000-0003-3228-6501,0000-0003-3228-6501,valid
0000-0001-5059-6576,0000-0001-5059-6576,valid
0000-0002-7714-4841,0000-0002-7714-4841,valid
0000-0002-8113-2560,0000-0002-8113-2560,valid
0000-0002-0129-0340,0000-0002-0129-0340,valid
0000-0002-0455-0953,0000-0002-0455-0953,valid
0000-0002-2945-3279,0000-0002-2945-3279,valid
0000-0003-4407-1487,0000-0003-4407-1487,valid
0000-0002-9285-2061,0000-0002-9285-2061,valid
0000-0002-3164-3389,0000-0002-3164-3389,valid
0000-0002-3993-6127,0000-0002-3993-6127,valid
0000-0003-1363-833X,0000-0003-1363-833X,valid
0000-0003-1695-2498,0000-0003-1695-2498,valid
0000-0002-3772-4198,0000-0002-3772-4198,valid
0000-0002-4783-792X,0000-0002-4783-792X,valid
0000-0003-3844-3117,0000-0003-3844-3117,valid
0000-0002-8100-7508,0000-0002-8100-7508,valid
0000-0003-2266-4855,0000-0003-2266-4855,valid
0000-0002-4345-3814,0000-0002-4345-3814,valid
0000-0002-8021-0344,0000-0002-8021-0344,valid
0000-315648865,0000-315648865,malformed
0009-0006-6006-8498,0009-0006-6006-8498,valid
0000-0003-2075-7732,0000-0003-2075-7732,valid
0009-0006-2864-4424,0009-0006-2864-4424,valid
0000-0001-9911-5518,0000-0001-9911-5518,valid
0000-0002-1410-4914,0000-0002-1410-4914,valid
https://orcid.org/0000-0001-5071-0180,0000-0001-5071-0180,valid
0000-0002-4273-9394,0000-0002-4273-9394,valid
0000-0003-3043-710X,0000-0003-3043-710X,valid
0000-0001-5627-7007,0000-0001-5627-7007,valid
0000-0002-1893-3920,0000-0002-1893-3920,valid
0000-0002-3444-000X,0000-0002-3444-000X,valid
0000-0002-2516-9975,0000-0002-2516-9975,valid
0000-0001-5616-2680,0000-0001-5616-2680,valid
https://orcid.org/0000-0003-4002-128X,0000-0003-4002-128X,valid
0000-0002-9114-9323,0000-0002-9114-9323,valid
https://orcid.org/0000-0002-1934-0043,0000-0002-1934-0043,valid
0000-0002-9662-6547,0000-0002-9662-6547,valid
0000-0002-7322-7412,0000-0002-7322-7412,valid
https://orcid.org/0000-0001-5218-8015,0000-0001-5218-8015,valid
0000-0002-5727-8359,0000-0002-5727-8359,valid
0009-0001-1464-4750,0009-0001-1464-4750,valid
https://orcid.org/0000-0003-3810-5978,0000-0003-3810-5978,valid
0000-0003-1347-8241,0000-0003-1347-8241,valid
https://orcid.org/0000-0002-6135-1379,0000-0002-6135-1379,valid
0000-0003-2946-6456,0000-0003-2946-6456,valid
0000-0001-5148-6889,0000-0001-5148-6889,valid
https://orcid.org/0000-0003-1200-6672,0000-0003-1200-6672,valid
000-0002-3734-8006,000-0002-3734-8006,malformed
0000-0001-9712-9123,0000-0001-9712-9123,valid
0000-0003-1564-8865,0000-0003-1564-8865,valid
https://orcid.org/0000-0003-0066-8222,0000-0003-0066-8222,valid
https://orcid.org/0000-0002-8337-5822,0000-0002-8337-5822,valid
https://orcid.org/0000-0001-6539-5494,0000-0001-6539-5494,valid
0000-0003-3682-8363,0000-0003-3682-8363,valid
0000-0001-8624-3828,0000-0001-8624-3828,valid
0000-0002-2054-4748,0000-0002-2054-4748,valid
0000-0001-6566-5060,0000-0001-6566-5060,valid
0000-0003-2186-1558,0000-0003-2186-1558,valid
0000-0003-4328-3963,0000-0003-4328-3963,valid
0000-0002-6875-8083,0000-0002-6875-8083,valid
0000-0002-7551-4378,0000-0002-7551-4378,valid
0000-0003-4737-2349,0000-0003-4737-2349,valid
0000-0002-7855-6733,0000-0002-7855-6733,valid
0000-0002-8960-9642,0000-0002-8960-9642,valid
0000-0003-4310-4793,0000-0003-4310-4793,valid
0000-0003-4503-3853,0000-0003-4503-3853,valid
0000-0001-7055-0567,0000-0001-7055-0567,valid
0000-0001-6797-5476,0000-0001-6797-5476,valid
0000-0003-2869-0085,0000-0003-2869-0085,valid
0000-0002-9866-0239,0000-0002-9866-0239,valid
0000-0002-3211-6871,0000-0002-3211-6871,valid
0000-0002-8395-4357,0000-0002-8395-4357,valid
000-0002-8113-2560,000-0002-8113-2560,malformed
0009-0003-5447-8034,0009-0003-5447-8034,valid
0000-0003-3855-2778,0000-0003-3855-2778,valid
0000-0001-7697-4512,0000-0001-7697-4512,valid
0000-0001-7824-7650,0000-0001-7824-7650,valid
0000-0003-4837-0345,0000-0003-4837-0345,valid
0000-0002-6456-5735,0000-0002-6456-5735,valid
0000-0001-5990-0087,0000-0001-5990-0087,valid
0000-0003-4078-3954,0000-0003-4078-3954,valid
0000-0002-8282-3910,0000-0002-8282-3910,valid
0000-0003-0512-0792,0000-0003-0512-0792,valid
-,-,malformed
0009-0001-8331-9812,0009-0001-8331-9812,valid
0000-0002-2539-7011,0000-0002-2539-7011,valid
0000-0001-9657-8496,0000-0001-9657-8496,valid
0000-0002-7174-8193,0000-0002-7174-8193,valid
0000-0002-5680-9170,0000-0002-5680-9170,valid
0000-0003-0012-8752,0000-0003-0012-8752,valid
0000-0003-3284-4120,0000-0003-3284-4120,valid
0000-0002-0741-9045,0000-0002-0741-9045,valid
0000-0003-4155-001X,0000-0003-4155-001X,valid
0000-0003-3271-7121,0000-0003-3271-7121,valid
0000-0002-2940-600X,0000-0002-2940-600X,valid
0000-0003-3604-4155,0000-0003-3604-4155,valid
0000-0001-6248-7385,0000-0001-6248-7385,valid
0000-0002-5393-7871,0000-0002-5393-7871,valid
0000-0002-6302-0047,0000-0002-6302-0047,valid
0009-0002-5600-0336,0009-0002-5600-0336,valid
0000-0002-6316-5502,0000-0002-6316-5502,valid
0000-0002-6748-6020,0000-0002-6748-6020,valid
0000-0003-1446-196X,0000-0003-1446-196X,valid
0000-0002-2225-5245,0000-0002-2225-5245,valid
0000-0002-5011-0780,0000-0002-5011-0780,valid
0000-0003-2375-1360,0000-0003-2375-1360,valid
0000-0001-5551-7507,0000-0001-5551-7507,valid
0000-0002-2518-6759,0000-0002-2518-6759,valid
0000-0002-5855-3885,0000-0002-5855-3885,valid
0000-0002-2399-7400,0000-0002-2399-7400,valid
0000-0002-9298-1488,0000-0002-9298-1488,valid
0000-0002-7685-1034,0000-0002-7685-1034,valid
0000-0001-9135-6130,0000-0001-9135-6130,valid
0000-0003-0919-4879,0000-0003-0919-4879,valid
0000-0002-2365-0247,0000-0002-2365-0247,valid
0000-0002-8808-2439,0000-0002-8808-2439,valid
0000-0001-5784-2733,0000-0001-5784-2733,valid
0009-0001-7707-1486,0009-0001-7707-1486,valid
0000-0003-2816-7251,0000-0003-2816-7251,valid
0000-0002-1912-1764,0000-0002-1912-1764,valid
0009-0008-1036-0276,0009-0008-1036-0276,valid
0000-0002-1770-7585,0000-0002-1770-7585,valid
0009-0000-4079-9927,0009-0000-4079-9927,valid
0000-0002-8337-5822,0000-0002-8337-5822,valid
0000-0001-9570-8973,0000-0001-9570-8973,valid
0009-0006-8224-3154,0009-0006-8224-3154,valid
0000-0002-1147-4135,0000-0002-1147-4135,valid
0000-0002-8456-4545,0000-0002-8456-4545,valid
0009-0007-6938-6190,0009-0007-6938-6190,valid
0009-0008-7228-2162,0009-0008-7228-2162,valid
0000-0003-3452-0306,0000-0003-3452-0306,valid
0000-0002-1651-9777,0000-0002-1651-9777,valid
0000-0002-1005-7452,0000-0002-1005-7452,valid
0000-0001-7781-5310,0000-0001-7781-5310,valid
0000-0002-8599-9241,0000-0002-8599-9241,valid
0000-0002-0410-6254,0000-0002-0410-6254,valid
0009-0001-9295-2089,0009-0001-9295-2089,valid
0009-0006-3380-2458,0009-0006-3380-2458,valid
https://orcid.org/0009-0006-3602-1593,0009-0006-3602-1593,valid
0000-0002-6596-3479,0000-0002-6596-3479,valid
0000-0003-0928-1139,0000-0003-0928-1139,valid
https://orcid.org/0000-0002-9451-7814,0000-0002-9451-7814,valid
0000-0002-7354-5330,0000-0002-7354-5330,valid
0009-0002-7471-5116,0009-0002-7471-5116,valid
https://orcid.org/0000-0002-1755-948X,0000-0002-1755-948X,valid
0009-0000-6796-9287,0009-0000-6796-9287,valid
https://orcid.org/0000-0001-9570-8973,0000-0001-9570-8973,valid
0000-0002-6289-0737,0000-0002-6289-0737,valid
https://orcid.org/0009-0007-7743-480X,0009-0007-7743-480X,valid
0009-0000-8170-1455,0009-0000-8170-1455,valid
0009-0008-2943-233X,0009-0008-2943-233X,valid
0000-0002-9641-4157,0000-0002-9641-4157,valid
0000-0003-1351-1849,0000-0003-1351-1849,valid
0009-0001-9449-7569,0009-0001-9449-7569,valid
0000-0001-6322-4392,0000-0001-6322-4392,valid
0009-0004-2068-3264,0009-0004-2068-3264,valid
0000-0003-3211-8006,0000-0003-3211-8006,valid
0000-0001-8906-7559,0000-0001-8906-7559,valid
0009-0004-1390-0021,0009-0004-1390-0021,valid
https://orcid.org/0000-0003-4981-0437,0000-0003-4981-0437,valid
0009-0009-7656-7453,0009-0009-7656-7453,valid
https://orcid.org/0000-0001-7620-4462,0000-0001-7620-4462,valid
https://orcid.org/0009-0008-5585-0324,0009-0008-5585-0324,valid
0009-0003-3658-9873,0009-0003-3658-9873,valid
0000-0002-6394-7854,0000-0002-6394-7854,valid
https://orcid.org/0000-0002-4926-3026,0000-0002-4926-3026,valid
0009-0003-7624-8424,0009-0003-7624-8424,valid
0009-0009-9720-4141,0009-0009-9720-4141,valid
0009-0007-4939-0766,0009-0007-4939-0766,valid
0009-0005-5333-2038,0009-0005-5333-2038,valid
0000-0001-9818-4642,0000-0001-9818-4642,valid
0000-0001-5566-9658,0000-0001-5566-9658,valid
0000-0002-3896-5145,0000-0002-3896-5145,valid
https://orcid.org/0000-0002-1305-0547,0000-0002-1305-0547,valid
0000-0002-2553-2359,0000-0002-2553-2359,valid
0000-0002-3024-3535,0000-0002-3024-3535,valid
0000-0002-5805-5544,0000-0002-5805-5544,valid
0000-0002-2051-985X,0000-0002-2051-985X,valid
https://orcid.org/0009-0007-7544-393X,0009-0007-7544-393X,valid
0000-0002-5585-9539,0000-0002-5585-9539,valid
https://orcid.org/0000-0002-7876-0101,0000-0002-7876-0101,valid
0000-0002-3238-4331,0000-0002-3238-4331,valid
0000-0002-8854-2546,0000-0002-8854-2546,valid
0000-0002-5315-2847,0000-0002-5315-2847,valid
0000-0001-8734-9026,0000-0001-8734-9026,valid
0009-0006-3739-7795,0009-0006-3739-7795,valid
0000-0001-5967-2109,0000-0001-5967-2109,valid
0009-0004-8040-0836,0009-0004-8040-0836,valid
0000-0002-8486-453X,0000-0002-8486-453X,valid
0000-0003-3953-1418,0000-0003-3953-1418,valid
